SO Name,Cambridge University Press:Master:2013,,,,,,,,,,,,,,,,,,,,,,,,,,,,,,,,,,,,,,,,,,,,,,,,
SO Identifier,Cambridge University Press_Master_2013,,,,,,,,,,,,,,,,,,,,,,,,,,,,,,,,,,,,,,,,,,,,,,,,
Provider,Cambridge University Press,,,,,,,,,,,,,,,,,,,,,,,,,,,,,,,,,,,,,,,,,,,,,,,,
Package Identifier,Master,,,,,,,,,,,,,,,,,,,,,,,,,,,,,,,,,,,,,,,,,,,,,,,,
Package Name,Master,,,,,,,,,,,,,,,,,,,,,,,,,,,,,,,,,,,,,,,,,,,,,,,,
Agreement Term Start Year,01/01/2013,,,,,,,,,,,,,,,,,,,,,,,,,,,,,,,,,,,,,,,,,,,,,,,,
Agreement Term End Year,31/12/2013,,,,,,,,,,,,,,,,,,,,,,,,,,,,,,,,,,,,,,,,,,,,,,,,
Consortium,,,,,,,,,,,,,,,,,,,,,,,,,,,,,,,,,,,,,,,,,,,,,,,,,
publication_title,ID.issn,ID.eissn,date_first_issue_online,num_first_vol_online,num_first_issue_online,date_last_issue_online,num_last_vol_online,num_last_issue_online,ID.kbart_title_id,embargo_info,coverage_depth,coverage_notes,publisher_name,ID.doi,platform.host.name,platform.host.url,platform.administrative.name,platform.administrative.url,,,,,,,,,,,,,,,,,,,,,,,,,,,,,,,
Acta Neuropsychiatrica,0924-2708,1601-5215,02/01/2013,25,1,,,,NEU,,fulltext,Previously published by Wiley-Blackwell,,,Cambridge Journals,http://journals.cambridge.org/NEU,Cambridge Journals,,,,,,,,,,,,,,,,,,,,,,,,,,,,,,,,
Acta Numerica,0962-4929,1474-0508,01/01/2000,9,,,,,ANU,,fulltext,,,,Cambridge Journals,http://journals.cambridge.org/jid_ANU,Cambridge Journals,,,,,,,,,,,,,,,,,,,,,,,,,,,,,,,,
Advances in Animal Biosciences,2040-4700,2040-4719,04/01/2010,1,1,,, ,ABS,,fulltext,,,,Cambridge Journals,http://journals.cambridge.org/jid_ABS,Cambridge Journals,,,,,,,,,,,,,,,,,,,,,,,,,,,,,,,,
Africa,0001-9720,1750-0184,01/01/1928,1,1,,,,AFR,,fulltext,,,,Cambridge Journals,http://journals.cambridge.org/jid_AFR,Cambridge Journals,,,,,,,,,,,,,,,,,,,,,,,,,,,,,,,,
Africa Bibliography,0266-6731,1757-1642,01/01/1985,1984,,,,,AFB,,fulltext,,,,Cambridge Journals,http://journals.cambridge.org/jid_AFB,Cambridge Journals,,,,,,,,,,,,,,,,,,,,,,,,,,,,,,,,
African Studies Review,0002-0206,1555-2462 ,,,,,,,ASR,,fulltext,New for 2013. Not online content available yet,,,Cambridge Journals,http://journals.cambridge.org/ASR,Cambridge Journals,,,,,,,,,,,,,,,,,,,,,,,,,,,,,,,,
Ageing & Society,0144-686X,1469-1779,01/01/1981,1,1,,,,ASO,,fulltext,,,,Cambridge Journals,http://journals.cambridge.org/jid_ASO,Cambridge Journals,,,,,,,,,,,,,,,,,,,,,,,,,,,,,,,,
AI EDAM,0890-0604,1469-1760,01/01/1987,1,1,,,,AIE,,fulltext,,,,Cambridge Journals,http://journals.cambridge.org/jid_AIE,Cambridge Journals,,,,,,,,,,,,,,,,,,,,,,,,,,,,,,,,
AJS Review,0364-0094,1475-4541,01/01/1976,1,1,,,,AJS,,fulltext,,,,Cambridge Journals,http://journals.cambridge.org/jid_AJS,Cambridge Journals,,,,,,,,,,,,,,,,,,,,,,,,,,,,,,,,
American Political Science Review,0003-0554,1537-5943,03/01/2001,95,1,,,,PSR,,fulltext,,,,Cambridge Journals,http://journals.cambridge.org/jid_PSR,Cambridge Journals,,,,,,,,,,,,,,,,,,,,,,,,,,,,,,,,
Anatolian Studies,0066-1546,2048-0849,12/01/2009,59,,, ,,ANK,,fulltext,Previously self published by The British Institute at Ankara,,,Cambridge Journals,http://journals.cambridge.org/jid_ANK,Cambridge Journals,,,,,,,,,,,,,,,,,,,,,,,,,,,,,,,,
Ancient Mesoamerica,0956-5361,1469-1787,01/01/1990,1,1,,,,ATM,,fulltext,,,,Cambridge Journals,http://journals.cambridge.org/jid_ATM,Cambridge Journals,,,,,,,,,,,,,,,,,,,,,,,,,,,,,,,,
Anglo-Saxon England,0263-6751,1474-0532,01/01/1972,1,1,,,,ASE,,fulltext,,,,Cambridge Journals,http://journals.cambridge.org/jid_ASE,Cambridge Journals,,,,,,,,,,,,,,,,,,,,,,,,,,,,,,,,
animal,1751-7311,1751-732X,02/01/2007,1,1,,,,ANM,,fulltext, ,,,Cambridge Journals,http://journals.cambridge.org/jid_ANM,Cambridge Journals,,,,,,,,,,,,,,,,,,,,,,,,,,,,,,,,
Animal Genetic Resources / Resources Genetiques Animales / Recursos Geneticos Animales,2078-6336,2076-6344,04/01/2010,46,,,,,AGR,,fulltext,Formerly Animal Genetic Resources Information,,,Cambridge Journals,http://journals.cambridge.org/jid_AGR,Cambridge Journals,,,,,,,,,,,,,,,,,,,,,,,,,,,,,,,,
Animal Genetic Resources Information,1014-2339,2076-4022,01/01/1983,1,,12/31/2009,45,,,,fulltext,Currently Animal Genetic Resources / Resources g?n?tiques animales / Recursos gen?ticos animales,,,Cambridge Journals,http://journals.cambridge.org/jid_AGR,Cambridge Journals,,,,,,,,,,,,,,,Animal Health Research Reviews,1466-2523,1475-2654,06/01/2000,1,1,,,,AHR,,fulltext,,,,Cambridge Journals,http://journals.cambridge.org/jid_AHR,Cambridge Journals
Annales de Limnologie - International Journal of Limnology,0003-4088,2100-000X,01/01/1965,1,1,,,,ANL,,fulltext,The entire collection of back issues (24 months after publication) is available online and free of charge (from 1965 vol 1 iss 1 to 2011 vol 47 iss 4),,,Cambridge Journals,http://journals.cambridge.org/jid_ANL,Cambridge Journals,,,,,,,,,,,,,,,,,,,,,,,,,,,,,,,,
Annals of Actuarial Science,1748-4995,1748-5002,03/01/2006,1,1,,,,AAS,,fulltext,,,,Cambridge Journals,http://journals.cambridge.org/jid_AAS,Cambridge Journals,,,,,,,,,,,,,,,,,,,,,,,,,,,,,,,,
Annual of the British School at Athens,0068-2454,2045-2403,11/01/2008,103,,,,,ATH,,fulltext,,,,Cambridge Journals,http://journals.cambridge.org/jid_ATH,Cambridge Journals,,,,,,,,,,,,,,,,,,,,,,,,,,,,,,,,
Annual Review of Applied Linguistics,0267-1905,1471-6356,01/01/1980,1,,,,,APL,,fulltext,,,,Cambridge Journals,http://journals.cambridge.org/jid_APL,Cambridge Journals,,,,,,,,,,,,,,,,,,,,,,,,,,,,,,,,
Antarctic Science,0954-1020,1365-2079,03/01/1989,1,1,,,,ANS,,fulltext,,,,Cambridge Journals,http://journals.cambridge.org/jid_ANS,Cambridge Journals,,,,,,,,,,,,,,,,,,,,,,,,,,,,,,,,
Applied Psycholinguistics,0142-7164,1469-1817,01/01/1980,1,1,,,,APS,,fulltext,,,,Cambridge Journals,http://journals.cambridge.org/jid_APS,Cambridge Journals,,,,,,,,,,,,,,,,,,,,,,,,,,,,,,,,
APSIPA Transactions on Signal and Information Processing,,2048-7703,12/01/2012,1,,, ,,SIP,,fulltext,Open Access,,,Cambridge Journals,http://journals.cambridge.org/jid_SIP,Cambridge Journals,,,,,,,,,,,,,,,,,,,,,,,,,,,,,,,,
Aquatic Living Resources,0990-7440,1765-2952,01/01/1988,1,1,,,,ALR,,fulltext,The entire collection of back issues (24 months after publication) is available online and free of charge (from 1988 vol 1 iss 1 to 2010 vol 23 iss 4),,,Cambridge Journals,http://journals.cambridge.org/jid_ALR,Cambridge Journals,,,,,,,,,,,,,,,,,,,,,,,,,,,,,,,,
Arabic Sciences and Philosophy,0957-4239,1474-0524,01/01/1991,1,1,,,,ASP,,fulltext,,,,Cambridge Journals,http://journals.cambridge.org/jid_ASP,Cambridge Journals,,,,,,,,,,,,,,,,,,,,,,,,,,,,,,,,
Arbor Clinical Nutrition Updates,,1446-5450,,,,,,,CAN,,fulltext,Not online content available yet,,,Cambridge Journals,http://journals.cambridge.org/ACN,Cambridge Journals,,,,,,,,,,,,,,,,,,,,,,,,,,,,,,,,
Archaeological Dialogues,1380-2038,1478-2294,01/01/1994,1,1,,,,ARD,,fulltext,,,,Cambridge Journals,http://journals.cambridge.org/jid_ARD,Cambridge Journals,,,,,,,,,,,,,,,,,,,,,,,,,,,,,,,,
Archaeological Reports,0570-6084,2041-4102,01/01/1955,1,,,,,ARE,,fulltext,,,,Cambridge Journals,http://journals.cambridge.org/jid_ARE,Cambridge Journals,,,,,,,,,,,,,,,,,,,,,,,,,,,,,,,,
arq: Architectural Research Quarterly,1359-1355,1474-0516,01/01/1995,1,1,,,,ARQ,,fulltext,,,,Cambridge Journals,http://journals.cambridge.org/jid_ARQ,Cambridge Journals,,,,,,,,,,,,,,,,,,,,,,,,,,,,,,,,
Asian Journal of International Law,2044-2513,2044-2521,1/25/2011,1,1,,,,AJL,,fulltext,,,,Cambridge Journals,http://journals.cambridge.org/jid_AJL,Cambridge Journals,,,,,,,,,,,,,,,,,,,,,,,,,,,,,,,,
ASTIN Bulletin: The Journal of the IAA,0515-0361,1783-1350,,,,,,,ASB,,fulltext,New for 2013. Formerly published by Peeters,,,Cambridge Journals,http://journals.cambridge.org/jid_ASB,Cambridge Journals,,,,,,,,,,,,,,,,,,,,,,,,,,,,,,,,
Australasian Journal of Special Education,1030-0112,1833-6914,08/01/2009,33,1,, ,,JSE,,fulltext,Formerly published by Australian Academic Press,,,Cambridge Journals,http://journals.cambridge.org/jid_JSE,Cambridge Journals,,,,,,,,,,,,,,,,,,,,,,,,,,,,,,,,
Australian and New Zealand Journal of Family Therapy,0814-723X,1467-8438,01/01/2007,28,1,12/31/2012,33,4,AFT,,fulltext,Formerly published by Australian Academic Press. Published by CUP for 2012.. Moving to Wiley for 2013.,,,Cambridge Journals,http://journals.cambridge.org/jid_AFT,Cambridge Journals,,,,,,,,,,,,,,,,,,,,,,,,,,,,,,,,
Australian and New Zealand Journal of Organisational Psychology,,1835-7601,01/01/2008,1,1,,,,ORP,,fulltext,Formerly published by Australian Academic Press ,,,Cambridge Journals,http://journals.cambridge.org/ORP,Cambridge Journals,,,,,,,,,,,,,,,,,,,,,,,,,,,,,,,,
Australian Educational and Developmental Psychologist,0816-5122,1839-2504,01/01/2008,25,1,,,,EDP,,fulltext,Formerly published by Australian Academic Press ,,,Cambridge Journals,http://journals.cambridge.org/EDP,Cambridge Journals,,,,,,,,,,,,,,,,,,,,,,,,,,,,,,,,
Australian Journal of Environmental Education,0814-0626,2049-775X,01/01/2011,27,1,, ,,AEE,,fulltext,Formerly published by Australian Academic Press ,,,Cambridge Journals,http://journals.cambridge.org/jid_AEE,Cambridge Journals,,,,,,,,,,,,,,,,,,,,,,,,,,,,,,,,
Australian Journal of Guidance and Counselling,1037-2911,1839-2520,01/01/2005,15,1,, ,,JGC,,fulltext,Formerly published by Australian Academic Press,,,Cambridge Journals,http://journals.cambridge.org/jid_JGC,Cambridge Journals,,,,,,,,,,,,,,,,,,,,,,,,,,,,,,,,
Australian Journal of Indigenous Education,1326-0111,2049-7784,01/01/2011,40,1,,,,JIE,,fulltext,Formerly published by Australian Academic Press,,,Cambridge Journals,http://journals.cambridge.org/JIE,Cambridge Journals,,,,,,,,,,,,,,,,,,,,,,,,,,,,,,,,
Australian Journal of Rehabilitation Counselling,1323-8922,1838-6059,01/01/2006,12,1,,,,JRC,,fulltext,Formerly published by Australian Academic Press,,,Cambridge Journals,http://journals.cambridge.org/JRC,Cambridge Journals,,,,,,,,,,,,,,,,,,,,,,,,,,,,,,,,
Austrian History Yearbook,0067-2378,1558-5255,01/01/1965,1,1,,,,AHY,,fulltext,,,,Cambridge Journals,http://journals.cambridge.org/jid_AHY,Cambridge Journals,,,,,,,,,,,,,,,,,,,,,,,,,,,,,,,,
Behavioral and Brain Sciences,0140-525X,1469-1825,01/01/1978,1,1,,,,BBS,,fulltext,,,,Cambridge Journals,http://journals.cambridge.org/jid_BBS,Cambridge Journals,,,,,,,,,,,,,,,,,,,,,,,,,,,,,,,,
Behaviour Change,0813-4839,2049-7768,01/01/1999,16,1,, ,,BEC,,fulltext,Formerly published by Australian Academic Press ,,,Cambridge Journals,http://journals.cambridge.org/jid_BEC,Cambridge Journals,,,,,,,,,,,,,,,,,,,,,,,,,,,,,,,,
Behavioural and Cognitive Psychotherapy,1352-4658,1469-1833,01/01/1975,3,1,,,,BCP,,fulltext,,,,Cambridge Journals,http://journals.cambridge.org/jid_BCP,Cambridge Journals,,,,,,,,,,,,,,,,,,,,,,,,,,,,,,,,
Bilingualism: Language and Cognition,1366-7289,1469-1841,04/01/1998,1,1,,,,BIL,,fulltext,,,,Cambridge Journals,http://journals.cambridge.org/jid_BIL,Cambridge Journals,,,,,,,,,,,,,,,,,,,,,,,,,,,,,,,,
Biofilms,1479-0505,1479-0513,01/01/2004,1,1,12/31/2006,3,1,BFM,,fulltext,Ceased,,,Cambridge Journals,http://journals.cambridge.org/action/displayJournal?jid=BFM,Cambridge Journals,,,,,,,,,,,,,,,,,,,,,,,,,,,,,,,,
Biosocieties,1745-8552,1745-8560,01/01/2006,1,1,12/31/2009,4,4,BIO,,fulltext,Currently published by Palgrave Macmillan,,,Cambridge Journals,http://journals.cambridge.org/action/displayJournal?jid=BIO,Cambridge Journals,,,,,,,,,,,,,,,,,,,,,,,,,,,,,,,,
Bird Conservation International,0959-2709,1474-0001,01/01/1991,1,1,,,,BCI,,fulltext,Free from 1991 vol 1 iss 1 to 2007 vol 17 iss 4,,,Cambridge Journals,http://journals.cambridge.org/jid_BCI,Cambridge Journals,,,,,,,,,,,,,,,,,,,,,,,,,,,,,,,,
Brain Impairment,1443-9646,1839-5252,01/01/2000,1,1,, ,,BIM,,fulltext,Formerly published by Australian Academic Press ,,,Cambridge Journals,http://journals.cambridge.org/jid_BIM,Cambridge Journals,,,,,,,,,,,,,,,,,,,,,,,,,,,,,,,,
Britannia,0068-113X,1753-5352,01/01/1970,1,1,,,,BRI,,fulltext,,,,Cambridge Journals,http://journals.cambridge.org/jid_BRI,Cambridge Journals,,,,,,,,,,,,,,,,,,,,,,,,,,,,,,,,
British Actuarial Journal,1357-3217,2044-0456,04/01/1996,1,1,,,,BAJ,,fulltext,,,,Cambridge Journals,http://journals.cambridge.org/jid_BAJ,Cambridge Journals,,,,,,,,,,,,,,,,,,,,,,,,,,,,,,,,
British Journal of Anaesthetic and Recovery Nursing,1742-6456,1744-2192,01/01/2000,1,1,,,,ARN,,fulltext,,,,Cambridge Journals,http://journals.cambridge.org/jid_ARN,Cambridge Journals,,,,,,,,,,,,,,,,,,,,,,,,,,,,,,,,
British Journal of Music Education,0265-0517,1469-2104,01/01/1984,1,1,,,,BME,,fulltext,,,,Cambridge Journals,http://journals.cambridge.org/jid_BME,Cambridge Journals,,,,,,,,,,,,,,,,,,,,,,,,,,,,,,,,
British Journal of Nutrition,0007-1145,1475-2662,01/01/1947,1,1,,,,BJN,,fulltext,Free access to archives from 1947 vol 1 iss 1 to 2012 vol 107 iss 5,,,Cambridge Journals,http://journals.cambridge.org/jid_BJN,Cambridge Journals,,,,,,,,,,,,,,,,,,,,,,,,,,,,,,,,
British Journal of Political Science,0007-1234,1469-2112,01/01/1971,1,1,,,,JPS,,fulltext,,,,Cambridge Journals,http://journals.cambridge.org/jid_JPS,Cambridge Journals,,,,,,,,,,,,,,,,,,,,,,,,,,,,,,,,
Browning Institute Studies,0092-4725,,01/01/1973,1,,12/31/1990,18,,,,fulltext,Currently Victorian Literature and Culture,,,Cambridge Journals,http://journals.cambridge.org/action/displayJournal?jid=VLC,Cambridge Journals,,,,,,,,,,,,,,,,,,,,,,,,,,,,,,,,
Bulletin International des Societes de la Croix-Rouge ,1816-9686,,01/01/1886,17,1,12/31/1918,49,196,,,fulltext,Ceased. Continues Bulletin International des Societe de secours aux Militaires Blesses ,,,Cambridge Journals,http://journals.cambridge.org/action/displayJournal?jid=BRC,Cambridge Journals,,,,,,,,,,,,,,,,,,,,,,,,,,,,,,,,
Bulletin of Entomological Research,0007-4853,1475-2670,01/01/1910,1,1,,,,BER,,fulltext,,,,Cambridge Journals,http://journals.cambridge.org/jid_BER,Cambridge Journals,,,,,,,,,,,,,,,,,,,,,,,,,,,,,,,,
Bulletin of Entomological Research Supplements Series,1367-4269,,01/01/1993,,,12/31/1995,,,BES,,fulltext,Not online content available yet,,,Cambridge Journals,http://journals.cambridge.org/action/displayJournal?jid=BES,Cambridge Journals,,,,,,,,,,,,,,,,,,,,,,,,,,,,,,,,
Bulletin of the Australian Mathematical Society,0004-9727,1755-1633,01/01/1969,1,1,,,,BAZ,,fulltext,Free access to archives from 1969 vol 1 iss 1 to 2008 vol 77 iss 1,,,Cambridge Journals,http://journals.cambridge.org/jid_BAZ,Cambridge Journals,,,,,,,,,,,,,,,,,,,,,,,,,,,,,,,,
Bulletin of the International Institute of Social History,1873-0841,,01/01/1937,1,1,12/31/1955,10,3,BSH,,fulltext,Currently International Review of Social History ,,,Cambridge Journals,http://journals.cambridge.org/action/displayJournal?jid=BSH,Cambridge Journals,,,,,,,,,,,,,,,,,,,,,,,,,,,,,,,,
Bulletin of the School of Oriental and African Studies,0041-977X,1474-0699,01/01/1917,1,1,,,,BSO,,fulltext,,,,Cambridge Journals,http://journals.cambridge.org/jid_BSO,Cambridge Journals,,,,,,,,,,,,,,,,,,,,,,,,,,,,,,,,
Business History Review,0007-6805,2044-768X,01/01/1926,1,1,,,,BHR,,fulltext,,,,Cambridge Journals,http://journals.cambridge.org/jid_BHR,Cambridge Journals,,,,,,,,,,,,,,,,,,,,,,,,,,,,,,,,
Cambridge Archaeological Journal,0959-7743,1474-0540,01/01/1991,1,1,,,,CAJ,,fulltext,,,,Cambridge Journals,http://journals.cambridge.org/jid_CAJ,Cambridge Journals,,,,,,,,,,,,,,,,,,,,,,,,,,,,,,,,
The Cambridge Classical Journal,1750-2705,2047-993X,01/01/2005,51,,,,,CCJ,,fulltext,Formerly Proceedings of the Cambridge Philologhical Society (New Series),,,Cambridge Journals,http://journals.cambridge.org/CCJ,Cambridge Journals,,,,,,,,,,,,,,,,,,,,,,,,,,,,,,,,
Cambridge Opera Journal,0954-5867,1474-0621,01/01/1989,1,1,,,,OPR,,fulltext,,,,Cambridge Journals,http://journals.cambridge.org/action/displayJournal?jid=OPR,Cambridge Journals,,,,,,,,,,,,,,,,,,,,,,,,,,,,,,,,
Cambridge Quarterly of Healthcare Ethics,0963-1801,1469-2147,01/01/1992,1,1,,,,CQH,,fulltext,,,,Cambridge Journals,http://journals.cambridge.org/jid_CQH,Cambridge Journals,,,,,,,,,,,,,,,,,,,,,,,,,,,,,,,,
Camden Fifth Series,0960-1163,1478-5110,01/01/1993,1,,,,,RHC,,fulltext,Continuous  Camden Fourth Series (1964-1992). Also known as Royal Historical Society Camden Fifth Series,,,Cambridge Journals,http://journals.cambridge.org/jid_RHC,Cambridge Journals,,,,,,,,,,,,,,,,,,,,,,,,,,,,,,,,
The Canadian Entomologist,0008-347X,1918-3240,01/01/1868,1,,,,,TCE,,fulltext,,,,Cambridge Journals,http://journals.cambridge.org/TCE,Cambridge Journals,,,,,,,,,,,,,,,,,,,,,,,,,,,,,,,,
Canadian Journal of Law and Society,0829-3201,1911-0227,04/01/2011,26,1,, ,,CLS,,fulltext,New for 2013. Previously published by Univ Toronto Press,,,Cambridge Journals,http://journals.cambridge.org/jid_CLS,Cambridge Journals,,,,,,,,,,,,,,,,,,,,,,,,,,,,,,,,
Canadian Journal of Political Science/Revue canadienne de science politique,0008-4239,1744-9324,01/01/1968,1,1,,,,CJP,,fulltext,,,,Cambridge Journals,http://journals.cambridge.org/jid_CJP,Cambridge Journals,,,,,,,,,,,,,,,,,,,,,,,,,,,,,,,,
Canadian Journal on Aging/Revue canadienne du vieillissement,0714-9808,1710-1107,01/01/1982,1,1,,,,CJG,,fulltext,,,,Cambridge Journals,http://journals.cambridge.org/jid_CJG,Cambridge Journals,,,,,,,,,,,,,,,,,,,,,,,,,,,,,,,,
Cardiology in the Young,1047-9511,1467-1107,01/01/1991,1,1,,,,CTY,,fulltext,,,,Cambridge Journals,http://journals.cambridge.org/jid_CTY,Cambridge Journals,,,,,,,,,,,,,,,,,,,,,,,,,,,,,,,,
Central European History,0008-9389,1569-1616,01/01/1968,1,1,,,,CCC,,fulltext,,,,Cambridge Journals,http://journals.cambridge.org/jid_CCC,Cambridge Journals,,,,,,,,,,,,,,,,,,,,,,,,,,,,,,,,
Children Australia,1035-0772,2049-7776,01/01/2011,36,1,,,,CHA,,fulltext,Formerly published by Australian Academic Press,,,Cambridge Journals,http://journals.cambridge.org/CHA,Cambridge Journals,,,,,,,,,,,,,,,,,,,,,,,,,,,,,,,,
Church History: Studies in Christianity and Culture,0009-6407,1755-2613,01/01/1932,1,1,,,,CHH,,fulltext,,,,Cambridge Journals,http://journals.cambridge.org/jid_CHH,Cambridge Journals,,,,,,,,,,,,,,,,,,,,,,,,,,,,,,,,
CNS Spectrums,1092-8529,2165-6509,09/01/1996,1,1,, ,,CNS,,fulltext,,,,Cambridge Journals,http://journals.cambridge.org/jid_CNS,Cambridge Journals,,,,,,,,,,,,,,,,,,,,,,,,,,,,,,,,
"Combinatorics, Probability and Computing",0963-5483,1469-2163,01/01/1992,1,1,,,,CPC,,fulltext,,,,Cambridge Journals,http://journals.cambridge.org/jid_CPC,Cambridge Journals,,,,,,,,,,,,,,,,,,,,,,,,,,,,,,,,
Comparative Exercise Physiology,1755-2540,1755-2559,02/01/2008,5,1,12/31/2010,7,4,CEP,,fulltext,From vol 8 iss 1 is published by Wageningen Academic Publishers. Part of 2012 CUP NESLI2,,,Cambridge Journals,http://journals.cambridge.org/jid_CEP,Cambridge Journals,,,,,,,,,,,,,,,,,,,,,,,,,,,,,,,,
Comparative Studies in Society and History,0010-4175,1475-2999,01/01/1958-1959,1,1,,,,CSS,,fulltext,,,,Cambridge Journals,http://journals.cambridge.org/jid_CSS,Cambridge Journals,,,,,,,,,,,,,,,,,,,,,,,,,,,,,,,,
Compositio Mathematica,0010-437X,1570-5846,01/01/1997,105,1,,,,COM,,fulltext,Access to the archive is free until 2008 vol 144 iss 6 ,,,Cambridge Journals,http://journals.cambridge.org/jid_COM,Cambridge Journals,,,,,,,,,,,,,,,,,,,,,,,,,,,,,,,,
Contemporary European History,0960-7773,1469-2171,01/01/1992,1,1,,,,CEH,,fulltext,,,,Cambridge Journals,http://journals.cambridge.org/jid_CEH,Cambridge Journals,,,,,,,,,,,,,,,,,,,,,,,,,,,,,,,,
Continuity and Change,0268-4160,1469-218X,01/01/1986,1,1,,,,CON,,fulltext,,,,Cambridge Journals,http://journals.cambridge.org/jid_CON,Cambridge Journals,,,,,,,,,,,,,,,,,,,,,,,,,,,,,,,,
CORD Conference Proceedings,,2049-1255,01/01/2007,39,,,,,COR,,fulltext,,,,Cambridge Journals,http://journals.cambridge.org/action/displayJournal?jid=COR,Cambridge Journals,,,,,,,,,,,,,,,,,,,,,,,,,,,,,,,,
Dance Research Journal,0149-7677,1940-509X,01/01/2007,39,,,,,DRJ,,fulltext,,,,Cambridge Journals,http://journals.cambridge.org/action/displayJournal?jid=DRJ,Cambridge Journals,,,,,,,,,,,,,,,,,,,,,,,,,,,,,,,,
Development and Psychopathology,0954-5794,1469-2198,01/01/1989,1,1,,,,DPP,,fulltext,,,,Cambridge Journals,http://journals.cambridge.org/jid_DPP,Cambridge Journals,,,,,,,,,,,,,,,,,,,,,,,,,,,,,,,,
Dialogue: Canadian Philosophical Review/Revue canadienne de philosophie,0012-2173,1759-0949,01/01/1962-1963,1,1,,,,DIA,,fulltext,,,,Cambridge Journals,http://journals.cambridge.org/jid_DIA,Cambridge Journals,,,,,,,,,,,,,,,,,,,,,,,,,,,,,,,,
Diamond Light Source Proceedings,,2044-8201,01/01/2011,1,,,,,DLS,,fulltext,Open Access,,,Cambridge Journals,http://journals.cambridge.org/DLS,Cambridge Journals,,,,,,,,,,,,,,,,,,,,,,,,,,,,,,,,
Disaster Medicine and Public Health Preparedness,1935-7893,1938-744X,01/01/2007,1,1,,,,DMP,,fulltext,New for 2013. Previously published by the American Medical Association,,,Cambridge Journals,http://journals.cambridge.org/DMP,Cambridge Journals,,,,,,,,,,,,,,,,,,,,,,,,,,,,,,,,
Du Bois Review: Social Science Research on Race,1742-058X,1742-0598,03/01/2004,1,1,,,,DBR,,fulltext,,,,Cambridge Journals,http://journals.cambridge.org/jid_DBR,Cambridge Journals,,,,,,,,,,,,,,,,,,,,,,,,,,,,,,,,
Early Music History,0261-1279,1474-0559,01/01/1981,1,,,,,EMH,,fulltext,,,,Cambridge Journals,http://journals.cambridge.org/jid_EMH,Cambridge Journals,,,,,,,,,,,,,,,,,,,,,,,,,,,,,,,,
Earth and Environmental Science Transactions of the Royal Society of Edinburgh,1755-6910,1755-6929,01/01/2007,98,1,,,,,,fulltext,"Formerly Transactions of the Royal Society of Edinburgh: Earth Sciences (1980 - 2007), Transactions of the Royal Society of Edinburgh (1788 - 1979)",,,Cambridge Journals,http://journals.cambridge.org/jid_TRE,Cambridge Journals,,,,,,,,,,,,,,,,,,,,,,,,,,,,,,,,
Ecclesiastical Law Journal,0956-618X,1751-8539,1987-1989,1,1,,,,ELJ,,fulltext,,,,Cambridge Journals,http://journals.cambridge.org/jid_ELJ,Cambridge Journals,,,,,,,,,,,,,,,,,,,,,,,,,,,,,,,,
Econometric Theory,0266-4666,1469-4360,06/07/1905,1,1,,,,ECT,,fulltext,,,,Cambridge Journals,http://journals.cambridge.org/jid_ECT,Cambridge Journals,,,,,,,,,,,,,,,,,,,,,,,,,,,,,,,,
Economics and Philosophy,0266-2671,1474-0028,01/01/1985,1,1,,,,EAP,,fulltext,,,,Cambridge Journals,http://journals.cambridge.org/jid_EAP,Cambridge Journals,,,,,,,,,,,,,,,,,,,,,,,,,,,,,,,,
Edinburgh Journal of Botany,0960-4286,1474-0036,01/01/1997,47,1,,,,EJB,,fulltext,,,,Cambridge Journals,http://journals.cambridge.org/jid_EJB,Cambridge Journals,,,,,,,,,,,,,,,,,,,,,,,,,,,,,,,,
Eighteenth-Century Music,1478-5706,1478-5714,03/01/2004,1,1,,,,ECM,,fulltext,,,,Cambridge Journals,http://journals.cambridge.org/jid_ECM,Cambridge Journals,,,,,,,,,,,,,,,,,,,,,,,,,,,,,,,,
English Language and Linguistics,1360-6743,1469-4379,01/01/1997,1,1,,,,ELL,,fulltext,,,,Cambridge Journals,http://journals.cambridge.org/jid_ELL,Cambridge Journals,,,,,,,,,,,,,,,,,,,,,,,,,,,,,,,,
English Profile Journal,,2041-5362,09/01/2010,1,1,, ,,EPJ,,fulltext,Free journal,,,Cambridge Journals,http://journals.cambridge.org/jid_EPJ,Cambridge Journals,,,,,,,,,,,,,,,,,,,,,,,,,,,,,,,,
English Today,0266-0784,1474-0567,01/01/1985,1,1,,,,ENG,,fulltext,,,,Cambridge Journals,http://journals.cambridge.org/jid_ENG,Cambridge Journals,,,,,,,,,,,,,,,,,,,,,,,,,,,,,,,,
Environment and Development Economics,1355-770X,1469-4395,01/01/1996,1,1,,,,EDE,,fulltext,,,,Cambridge Journals,http://journals.cambridge.org/jid_EDE,Cambridge Journals,,,,,,,,,,,,,,,,,,,,,,,,,,,,,,,,
Environmental Biosafety Research,1635-7922,1635-7930,10/01/2002,1,1,12/31/2011,10,4,EBS,,fulltext,Ceased. It was in CUP NESLI2 2012,,,Cambridge Journals,http://journals.cambridge.org/jid_EBS,Cambridge Journals,,,,,,,,,,,,,,,,,,,,,,,,,,,,,,,,
Environmental Conservation,0376-8929,1469-4387,01/01/1974,1,1,,,,ENC,,fulltext,,,,Cambridge Journals,http://journals.cambridge.org/jid_ENC,Cambridge Journals,,,,,,,,,,,,,,,,,,,,,,,,,,,,,,,,
Environmental Practice,1466-0466,1466-0474,01/01/1999,1,1,,,,ENP,,fulltext,,,,Cambridge Journals,http://journals.cambridge.org/jid_ENP,Cambridge Journals,,,,,,,,,,,,,,,,,,,,,,,,,,,,,,,,
Epidemiologia e Psichiatria Sociale,1121-189X,,01/01/1992,1,1,12/31/2010,19,4,,,fulltext,"Currently Epidemiology and Psychiatric Sciences. Missing from the archive vol 2 iss 1, vol 3 iss 1, vol 4 iss 1, vol 4 iss 3, vol 11 iss 1, Monograph Supplements 1 - 8",,,Cambridge Journals,http://journals.cambridge.org/jid_EPS,Cambridge Journals,,,,,,,,,,,,,,,,,,,,,,,,,,,,,,,,
Epidemiology & Infection,0950-2688,1469-4409,01/01/1987,98,1,,,,HYG,,fulltext,Formerly Journal of Hygiene,,,Cambridge Journals,http://journals.cambridge.org/jid_HYG,Cambridge Journals,,,,,,,,,,,,,,,,,,,,,,,,,,,,,,,,
Epidemiology and Psychiatric Sciences,2045-7960,2045-7979,01/01/2011,20,1,,,,,,fulltext,Formerly Epidemiologia e Psichiatria Sociale,,,Cambridge Journals,http://journals.cambridge.org/jid_EPS,Cambridge Journals,,,,,,,,,,,,,,,,,,,,,,,,,,,,,,,,
Episteme,1742-3600,1750-0117,06/01/2004,1,1,, ,,EPI,,fulltext,,,,Cambridge Journals,http://journals.cambridge.org/jid_EPI,Cambridge Journals,,,,,,,,,,,,,,,,,,,,,,,,,,,,,,,,
Equine and Comparative Exercise Physiology,1478-0616,1479-070X,01/01/2004,1,1,12/31/2007,4,03-Apr,ECP,,fulltext,Currently Comparative Exercise Physiology from 2008,,,Cambridge Journals,http://journals.cambridge.org/action/displayJournal?jid=ECP,Cambridge Journals,,,,,,,,,,,,,,,,,,,,,,,,,,,,,,,,
Ergodic Theory and Dynamical Systems,0143-3857,1469-4417,01/01/1981,1,1,,,,ETS,,fulltext,,,,Cambridge Journals,http://journals.cambridge.org/jid_ETS,Cambridge Journals,,,,,,,,,,,,,,,,,,,,,,,,,,,,,,,,
ESAIM: Control Optimisation and Calculus of Variations,1292-8119,1262-3377,01/01/1996,1,1,,,,COV,,fulltext,Free content from 1996 vol 1 to 2007 vol 13,,,Cambridge Journals,http://journals.cambridge.org/jid_COV,Cambridge Journals,,,,,,,,,,,,,,,,,,,,,,,,,,,,,,,,
ESAIM: Mathematical Modelling and Numerical Analysis,0764-583X,1290-3841,01/01/1999,33,1,,,,MZA,,fulltext,Free content from 1999 vol 33 iss 1 to 2007 vol 41 iss 6,,,Cambridge Journals,http://journals.cambridge.org/jid_MZA,Cambridge Journals,,,,,,,,,,,,,,,,,,,,,,,,,,,,,,,,
ESAIM: Probability and Statistics,1292-8100,1262-3318,01/01/1997,1,,,,,PSS,,fulltext,,,,Cambridge Journals,http://journals.cambridge.org/jid_PSS,Cambridge Journals,,,,,,,,,,,,,,,,,,,,,,,,,,,,,,,,
Ethics & International Affairs,0892-6794,1747-7093,01/01/1987,1,,,,,EIA,,fulltext,,,,Cambridge Journals,http://journals.cambridge.org/jid_EIA,Cambridge Journals,,,,,,,,,,,,,,,,,,,,,,,,,,,,,,,,
EAS Publications Series,1633-4760,1638-1963,01/01/2001,1,,,,,EAS,,fulltext,,,,Cambridge Journals,http://journals.cambridge.org/EAS,Cambridge Journals,,,,,,,,,,,,,,,,,,,,,,,,,,,,,,,,
European Business Organization Law Review (EBOR),1566-7529,1741-6205,01/01/2000,1,1,,,,EBR,,fulltext,,,,Cambridge Journals,http://journals.cambridge.org/jid_EBR,Cambridge Journals,,,,,,,,,,,,,,,,,,,,,,,,,,,,,,,,
European Constitutional Law Review (EuConst),1574-0196,1744-5515,01/01/2005,1,1,,,,ECL,,fulltext,,,,Cambridge Journals,http://journals.cambridge.org/jid_ECL,Cambridge Journals,,,,,,,,,,,,,,,,,,,,,,,,,,,,,,,,
European Journal of Applied Mathematics,0956-7925,1469-4425,01/01/1990,1,1,,,,EJM,,fulltext,,,,Cambridge Journals,http://journals.cambridge.org/jid_EJM,Cambridge Journals,,,,,,,,,,,,,,,,,,,,,,,,,,,,,,,,
European Journal of Sociology / Archives Europeennes de Sociologie,0003-9756,1474-0583,01/01/1960,1,1,,,,EUR,,fulltext,,,,Cambridge Journals,http://journals.cambridge.org/jid_EUR,Cambridge Journals,,,,,,,,,,,,,,,,,,,,,,,,,,,,,,,,
European Political Science Review,1755-7739,1755-7747,03/01/2009,1,1,,,,EPR,,fulltext,,,,Cambridge Journals,http://journals.cambridge.org/jid_EPR,Cambridge Journals,,,,,,,,,,,,,,,,,,,,,,,,,,,,,,,,
European Review,1062-7987,1474-0575,01/01/1993,1,1,,,,ERW,,fulltext,,,,Cambridge Journals,http://journals.cambridge.org/jid_ERW,Cambridge Journals,,,,,,,,,,,,,,,,,,,,,,,,,,,,,,,,
European Review of Economic History,1361-4916,1474-0044,01/01/1997,1,1,12/31/2011,15,3,ERE,,fulltext,"From 2012, the European Review of Economic History is published by Oxford University Press",,,Cambridge Journals,http://journals.cambridge.org/jid_ERE,Cambridge Journals,,,,,,,,,,,,,,,,,,,,,,,,,,,,,,,,
Experimental Agriculture,0014-4797,1469-4441,01/01/1965,1,1,,,,EAG,,fulltext,,,,Cambridge Journals,http://journals.cambridge.org/jid_EAG,Cambridge Journals,,,,,,,,,,,,,,,,,,,,,,,,,,,,,,,,
Expert Reviews in Molecular Medicine,,1462-3994,11/05/1997,1,1,,,,ERM,,fulltext,,,,Cambridge Journals,http://journals.cambridge.org/jid_ERM,Cambridge Journals,,,,,,,,,,,,,,,,,,,,,,,,,,,,,,,,
Fetal and Maternal Medicine Review,0965-5395,1469-5065,01/01/1989,1,1,,,,FMR,,fulltext,,,,Cambridge Journals,http://journals.cambridge.org/jid_FMR,Cambridge Journals,,,,,,,,,,,,,,,,,,,,,,,,,,,,,,,,
Financial History Review,0968-5650,1474-0052,01/01/1994,1,1,,,,FHR,,fulltext,"New online bibliographic database of financial history introduced as a component of an online subscription from 2013. A subscription provides access to the full database during the vol year. (pending query, if applicable to NESLI2 customers)",,,Cambridge Journals,http://journals.cambridge.org/jid_FHR,Cambridge Journals,,,,,,,,,,,,,,,,,,,,,,,,,,,,,,,,
Foreign Policy Bulletin,1052-7036,1745-1302,01/01/1990,1,1,12/31/2012,22,4,FPB,,fulltext,,,,Cambridge Journals,http://journals.cambridge.org/jid_FPB,Cambridge Journals,,,,,,,,,,,,,,,,,,,,,,,,,,,,,,,,
"Forum of Mathematics, Pi",2050-5086,,,,,, ,,FMP,,fulltext,Open Access Journal. Not only content available yet,,,Cambridge Journals,http://journals.cambridge.org/jid_FMP,Cambridge Journals,,,,,,,,,,,,,,,,,,,,,,,,,,,,,,,,
"Forum of Mathematics, Sigma",2050-5094,,,,,, ,,FMS,,fulltext,Open Access Journal. Not only content available yet,,,Cambridge Journals,http://journals.cambridge.org/jid_FMS,Cambridge Journals,,,,,,,,,,,,,,,,,,,,,,,,,,,,,,,,
Fruits,0248-1294,1625-967X,01/01/2001,56,1,,,,FRU,,fulltext,,,,Cambridge Journals,http://journals.cambridge.org/jid_FRU,Cambridge Journals,,,,,,,,,,,,,,,,,,,,,,,,,,,,,,,,
Genetics Research,0016-6723,1469-5073,01/01/2008,90,1,,,,GRH,,fulltext,Formerly Genetical Research (1960-2007),,,Cambridge Journals,http://journals.cambridge.org/jid_GRH,Cambridge Journals,,,,,,,,,,,,,,,,,,,,,,,,,,,,,,,,
Geological Magazine,0016-7568,1469-5081,01/01/1864,1,1,,,,GEO,,fulltext,,,,Cambridge Journals,http://journals.cambridge.org/jid_GEO,Cambridge Journals,,,,,,,,,,,,,,,,,,,,,,,,,,,,,,,,
Glasgow Mathematical Journal,0017-0895,1469-509X,01/01/1952,1,1,,,,GMJ,,fulltext,,,,Cambridge Journals,http://journals.cambridge.org/jid_GMJ,Cambridge Journals,,,,,,,,,,,,,,,,,,,,,,,,,,,,,,,,
Global Constitutionalism,2045-3817,2045-3825,03/01/2012,1,1,, ,,GCN,,fulltext,,,,Cambridge Journals,http://journals.cambridge.org/jid_GCN,Cambridge Journals,,,,,,,,,,,,,,,,,,,,,,,,,,,,,,,,
Government and Opposition,0017-257X,1477-7053,01/01/2009,44,1,, ,,GOV,,fulltext,New for 2013. Previously published by Wiley Blackwell. It was part of Wiley NESLI2 2012 Agreement,,,Cambridge Journals,http://journals.cambridge.org/jid_GOV,Cambridge Journals,,,,,,,,,,,,,,,,,,,,,,,,,,,,,,,,
Greece & Rome,0017-3835,1477-4550,01/01/1931,1,1,,,,GAR,,fulltext,"Subscription include a supplement 'New Surveys in the Classics' (books) (pending query, if applicable to NESLI2 customers)",,,Cambridge Journals,http://journals.cambridge.org/jid_GAR,Cambridge Journals,,,,,,,,,,,,,,,,,,,,,,,,,,,,,,,,
Hague Journal on the Rule of Law,1876-4045,1876-4053,03/01/2009,1,1,,,,ROL,,fulltext,,,,Cambridge Journals,http://journals.cambridge.org/jid_ROL,Cambridge Journals,,,,,,,,,,,,,,,,,,,,,,,,,,,,,,,,
Harvard Theological Review,0017-8160,1475-4517,01/01/1908,1,1,,,,HTR,,fulltext,,,,Cambridge Journals,http://journals.cambridge.org/jid_HTR,Cambridge Journals,,,,,,,,,,,,,,,,,,,,,,,,,,,,,,,,
"Health Economics, Policy and Law",1744-1331,1744-134X,01/01/2006,1,1,,,,HEP,,fulltext,,,,Cambridge Journals,http://journals.cambridge.org/jid_HEP,Cambridge Journals,,,,,,,,,,,,,,,,,,,,,,,,,,,,,,,,
Hegel Bulletin,2051-5367,2051-5375,01/01/2013,34,1,, ,,HGL,,fulltext,New journal for 2013. Formerly self-published by the Hegel Society of Great Britain. Title change: formerly Bulletin of the Hegel Society of Great Britain (issn 0263 5232),,,Cambridge Journals,http://journals.cambridge.org/jid_HGL,Cambridge Journals,,,,,,,,,,,,,,,,,,,,,,,,,,,,,,,,
High Power Laser Science and Engineering ,2095-4719,,,,,,,,HPL,,fulltext,New journal for 2013. Open Access journal. Online only outside China where there will be a local print edition,,,Cambridge Journals,http://journals.cambridge.org/HPL,Cambridge Journals,,,,,,,,,,,,,,,,,,,,,,,,,,,,,,,,
History in Africa,0361-5413,1558-2744,,,,, ,,HIA,,fulltext,New to Cambridge. Not online content available yet,,,Cambridge Journals,http://journals.cambridge.org/jid_HIA,Cambridge Journals,,,,,,,,,,,,,,,,,,,,,,,,,,,,,,,,
Horizons,0360-9669,2050-8557,01/01/2004,31,1,, ,,HOR,,fulltext,New for 2013. Previously published by Villanova University,,,Cambridge Journals,http://journals.cambridge.org/jid_HOR,Cambridge Journals,,,,,,,,,,,,,,,,,,,,,,,,,,,,,,,,
International & Comparative Law Quarterly,0020-5893,1471-6895,01/01/1952,1,1,,,,ILQ,,fulltext,,,,Cambridge Journals,http://journals.cambridge.org/jid_ILQ,Cambridge Journals,,,,,,,,,,,,,,,,,,,,,,,,,,,,,,,,
The International Journal of Asian Studies,1479-5914,1479-5922,01/01/2004,1,1,,,,ASI,,fulltext,,,,Cambridge Journals,http://journals.cambridge.org/ASI,Cambridge Journals,,,,,,,,,,,,,,,,,,,,,,,,,,,,,,,,
International Journal of Astrobiology,1473-5504,1475-3006,01/01/2002,1,1,,,,IJA,,fulltext,,,,Cambridge Journals,http://journals.cambridge.org/jid_IJA,Cambridge Journals,,,,,,,,,,,,,,,,,,,,,,,,,,,,,,,,
International Journal of Cultural Property,0940-7391,1465-7317,01/01/1992,1,1,,,,JCP,,fulltext,,,,Cambridge Journals,http://journals.cambridge.org/jid_JCP,Cambridge Journals,,,,,,,,,,,,,,,,,,,,,,,,,,,,,,,,
International Journal of Disability Management,1833-8550,1834-4887,05/01/2006,1,1,, ,,IDM,,fulltext,Formerly published by Australian Academic Press,,,Cambridge Journals,http://journals.cambridge.org/jid_IDM,Cambridge Journals,,,,,,,,,,,,,,,,,,,,,,,,,,,,,,,,
International Journal of Law in Context,1744-5523,1744-5531,03/01/2005,1,1,,,,IJC,,fulltext,,,,Cambridge Journals,http://journals.cambridge.org/jid_IJC,Cambridge Journals,,,,,,,,,,,,,,,,,,,,,,,,,,,,,,,,
International Journal of Metrology and Quality Engineering,2107-6839,2107-6847,01/01/2010,1,1,, ,,MQE,,fulltext,,,,Cambridge Journals,http://journals.cambridge.org/jid_MQE,Cambridge Journals,,,,,,,,,,,,,,,,,,,,,,,,,,,,,,,,
International Journal of Microwave and Wireless Technologies,1759-0787,1759-0795,02/01/2009,1,1,,,,MRF,,fulltext,,,,Cambridge Journals,http://journals.cambridge.org/jid_MRF,Cambridge Journals,,,,,,,,,,,,,,,,,,,,,,,,,,,,,,,,
International Journal of Middle East Studies,0020-7438,1471-6380,01/01/1970,1,1,,,,MES,,fulltext,,,,Cambridge Journals,http://journals.cambridge.org/jid_MES,Cambridge Journals,,,,,,,,,,,,,,,,,,,,,,,,,,,,,,,,
The International Journal of Neuropsychopharmacology,1461-1457,1469-5111,07/01/1998,1,1,,,,PNP,,fulltext,,,,Cambridge Journals,http://journals.cambridge.org/jid_PNP,Cambridge Journals,,,,,,,,,,,,,,,,,,,,,,,,,,,,,,,,
International Journal of Technology Assessment in Health Care,0266-4623,1471-6348,01/01/1985,1,1,,,,THC,,fulltext,,,,Cambridge Journals,http://journals.cambridge.org/jid_THC,Cambridge Journals,,,,,,,,,,,,,,,,,,,,,,,,,,,,,,,,
International Journal of Tropical Insect Science,1742-7584,1742-7592,01/01/1980,1,1,,,,JTI,,fulltext,,,,Cambridge Journals,http://journals.cambridge.org/jid_JTI,Cambridge Journals,,,,,,,,,,,,,,,,,,,,,,,,,,,,,,,,
International Labor and Working-Class History,0147-5479,1471-6445,01/01/1972,1,,,,,ILW,,fulltext,,,,Cambridge Journals,http://journals.cambridge.org/jid_ILW,Cambridge Journals,,,,,,,,,,,,,,,2000022787,,,,,,,,,,,,,,,,,
International Organization,0020-8183,1531-5088,01/01/1947,1,1,,,,INO,,fulltext,,,,Cambridge Journals,http://journals.cambridge.org/jid_INO,Cambridge Journals,,,,,,,,,,,,,,,,,,,,,,,,,,,,,,,,
International Psychogeriatrics,1041-6102,1741-203X,01/01/1989,1,1,,,,IPG,,fulltext,Published as International Review of Social History (1936-1939) and Bulletin of the International Institute of Social History (1937-1955),,,Cambridge Journals,http://journals.cambridge.org/jid_IPG,Cambridge Journals,,,,,,,,,,,,,,,,,,,,,,,,,,,,,,,,
International Review of Social History,0020-8590,1469-512X,01/01/1956,1,1,,,,ISH,,fulltext,Formerly Bulletin of the International Institute of Social History,,,Cambridge Journals,http://journals.cambridge.org/jid_ISH,Cambridge Journals,,,,,,,,,,,,,,,,,,,,,,,,,,,,,,,,
International Review of the Red Cross,1816-3831,1607-5889,01/01/2005,87,,,,,IRC,,fulltext,formerly Revue Internationale de la Croix-Rouge - International Review of the Red Cross ISSN 1560-7755,,,Cambridge Journals,http://journals.cambridge.org/jid_IRC,Cambridge Journals,,,,,,,,,,,,,,,,,,,,,,,,,,,,,,,,
International Review of the Red Cross - Revue Internationale de la Croix-Rouge et Bulletin Internationale des Societe de la Croix-Rouge (IRC) ,1026-8812,,01/01/1919,1,1,12/31/1955,37.6,,,,fulltext,Succeeded by Revue Internationale de la Croix-Rouge ISSN 0035-3361,,,Cambridge Journals,http://journals.cambridge.org/action/displayJournal?jid=IRC,Cambridge Journals,,,,,,,,,,,,,,,,,,,,,,,,,,,,,,,,
Revue Internationale de la Croix-Rouge,0035-3361,,01/01/1955,37.7,,12/31/1998,80,,,,fulltext,Succeeded by: Revue Internationale de la Croix-Rouge - International Review of the Red Cross ISSN 1560-7755,,,Cambridge Journals,http://journals.cambridge.org/action/displayJournal?jid=IRC,Cambridge Journals,,,,,,,,,,,,,,,,,,,,,,,,,,,,,,,,
Revue Internationale de la Croix-Rouge - International Review of the Red Cross,1560-7755,,01/01/1999,81,,12/31/2004,86,,,,fulltext,Succeeded by: International Review of the Red Cross ISSN 1816-3831,,,Cambridge Journals,http://journals.cambridge.org/action/displayJournal?jid=IRC,Cambridge Journals,,,,,,,,,,,,,,,,,,,,,,,,,,,,,,,,
International Theory,1752-9719,1752-9727,03/01/2009,1,1,,,,INT,,fulltext,,,,Cambridge Journals,http://journals.cambridge.org/jid_INT,Cambridge Journals,,,,,,,,,,,,,,,,,,,,,,,,,,,,,,,,
Irish Journal of Psychological Medicine,0790-9667,2051-6967,01/01/2013,30,1,, ,,IPM,,fulltext,New for 2013. Previously published by IMI Irish Medical Information Ltd,,,Cambridge Journals,http://journals.cambridge.org/jid_IPM,Cambridge Journals,,,,,,,,,,,,,,,,,,,,,,,,,,,,,,,,
Israel Law Review,0021-2237,2047-9336,01/01/2008,41,3,, ,,ISR,,fulltext,"New for 2012. Previously self-published by The Faculty of Law, The Hebrew University of Jerusalem",,,Cambridge Journals,http://journals.cambridge.org/jid_ISR,Cambridge Journals,,,,,,,,,,,,,,,,,,,,,,,,,,,,,,,,
Itinerario,0165-1153,2041-2827,01/01/1977,1,1,,,,ITI,,fulltext,,,,Cambridge Journals,http://journals.cambridge.org/jid_ITI,Cambridge Journals,,,,,,,,,,,,,,,,,,,,,,,,,,,,,,,,
Japanese Journal of Political Science,1468-1099,1474-0060,05/01/2000,1,1,,,,JJP,,fulltext,,,,Cambridge Journals,http://journals.cambridge.org/jid_JJP,Cambridge Journals,,,,,,,,,,,,,,,,,,,,,,,,,,,,,,,,
Journal of African Law,0021-8553,1464-3731,01/01/1957,1,1,,,,JAL,,fulltext,,,,Cambridge Journals,http://journals.cambridge.org/jid_JAL,Cambridge Journals,,,,,,,,,,,,,,,,,,,,,,,,,,,,,,,,
Journal of American Studies,0021-8758,1469-5154,01/01/1967,1,1,,,,AMS,,fulltext,,,,Cambridge Journals,http://journals.cambridge.org/jid_AMS,Cambridge Journals,,,,,,,,,,,,,,,,,,,,,,,,,,,,,,,,
Journal of Anglican Studies,1740-3553,1745-5278,01/01/2003,1,1,,,,AST,,fulltext,,,,Cambridge Journals,http://journals.cambridge.org/jid_AST,Cambridge Journals,,,,,,,,,,,,,,,,,,,,,,,,,,,,,,,,
Journal of Applied Animal Nutrition,,2049-257X,01/01/2013,1,,,,,JAN,,fulltext,,,,Cambridge Journals,http://journals.cambridge.org/jid_JAN,Cambridge Journals,,,,,,,,,,,,,,,,,,,,,,,,,,,,,,,,
Journal of Biosocial Science,0021-9320,1469-7599,01/01/1969,1,1,,,,JBS,,fulltext,,,,Cambridge Journals,http://journals.cambridge.org/jid_JBS,Cambridge Journals,,,,,,,,,,,,,,,,,,,,,,,,,,,,,,,,
Journal of British Studies,0021-9371,1545-6986,01/01/2003,42,1,, ,,JBR,,fulltext,New for 2013. Previously published by Chicago University Press,,,Cambridge Journals,http://journals.cambridge.org/jid_JBR,Cambridge Journals,,,,,,,,,,,,,,,,,,,,,,,,,,,,,,,,
Journal of Child Language,0305-0009,1469-7602,01/01/1974,1,1,,,,JCL,,fulltext,,,,Cambridge Journals,http://journals.cambridge.org/jid_JCL,Cambridge Journals,,,,,,,,,,,,,,,,,,,,,,,,,,,,,,,,
Journal of Dairy Research,0022-0299,1469-7629,01/01/1929,1,1,,,,DAR,,fulltext,,,,Cambridge Journals,http://journals.cambridge.org/jid_DAR,Cambridge Journals,,,,,,,,,,,,,,,,,,,,,,,,,,,,,,,,
Journal of Dentofacial Anomalies and Orthodontics,2110-5715,,01/01/2008,11,1,, ,,DAO,,fulltext,,,,Cambridge Journals,http://journals.cambridge.org/jid_DAO,Cambridge Journals,,,,,,,,,,,,,,,,,,,,,,,,,,,,,,,,
Journal of Developmental Origins of Health and Disease,2040-1744,2040-1752,01/01/2010,1,1,,,,DOH,,fulltext,,,,Cambridge Journals,http://journals.cambridge.org/jid_DOH,Cambridge Journals,,,,,,,,,,,,,,,,,,,,,,,,,,,,,,,,
Journal of Experimental Political Science,2062-2630,2062-2649,,,,,,,XPS,,fulltext,Not online content available yet,,,Cambridge Journals,http://journals.cambridge.org/action/displayJournal?jid=XPS,Cambridge Journals,,,,,,,,,,,,,,,,,,,,,,,,,,,,,,,,
Journal of Financial and Quantitative Analysis,0022-1090,1756-6916,01/01/1966,1,1,,,,JFQ,,fulltext,,,,Cambridge Journals,http://journals.cambridge.org/jid_JFQ,Cambridge Journals,,,,,,,,,,,,,,,,,,,,,,,,,,,,,,,,
Journal of Fluid Mechanics,0022-1120,1469-7645,01/01/1956,1,1,,,,FLM,,fulltext,,,,Cambridge Journals,http://journals.cambridge.org/jid_FLM,Cambridge Journals,,,,,,,,,,,,,,,,,,,,,,,,,,,,,,,,
Journal of French Language Studies,0959-2695,1474-0079,01/01/1991,1,1,,,,JFL,,fulltext,,,,Cambridge Journals,http://journals.cambridge.org/jid_JFL,Cambridge Journals,,,,,,,,,,,,,,,,,,,,,,,,,,,,,,,,
Journal of Functional Programming,0956-7968,1469-7653,01/01/1991,1,1,,,,JFP,,fulltext,,,,Cambridge Journals,http://journals.cambridge.org/jid_JFP,Cambridge Journals,,,,,,,,,,,,,,,,,,,,,,,,,,,,,,,,
Journal of Germanic Linguistics,1470-5427,1475-3014,01/01/1989,1,1,,,,JGL,,fulltext,,,,Cambridge Journals,http://journals.cambridge.org/jid_JGL,Cambridge Journals,,,,,,,,,,,,,,,,,,,,,,,,,,,,,,,,
Journal of Global History,1740-0228,1740-0236,03/01/2006,1,1,,,,JGH,,fulltext,,,,Cambridge Journals,http://journals.cambridge.org/jid_JGH,Cambridge Journals,,,,,,,,,,,,,,,,,,,,,,,,,,,,,,,,
Journal of Helminthology,0022-149X,1475-2697,01/01/1923,1,1,,,,JHL,,fulltext,"Missing from the archive vol 26 iss 2, vol 26 iss 3",,,Cambridge Journals,http://journals.cambridge.org/jid_JHL,Cambridge Journals,,,,,,,,,,,,,,,,,,,,,,,,,,,,,,,,
Journal of Hospitality and Tourism Management,1447-6770,1839-5260,01/01/2006,13,1,12/31/2012,19,,JHT,,fulltext,Moving publisher in 2013. Formerly published by Australian Academic Press Published by CUP for 2012. Moving to Elsevier for 2013. Formerly Australian Journal of Hospitality Management,,,Cambridge Journals,http://journals.cambridge.org/JHT,Cambridge Journals,,,,,,,,,,,,,,,,,,,,,,,,,,,,,,,,
Journal of Hygiene,0022-1724,,01/01/1901,1,1,12/31/1986,97,3,,,fulltext,Currently Epidemiology & Infection,,,Cambridge Journals,http://journals.cambridge.org/action/displayJournal?jid=hyg,Cambridge Journals,,,,,,,,,,,,,,,,,,,,,,,,,,,,,,,,
Journal of Institutional Economics,1744-1374,1744-1382,06/01/2005,1,1,,,,JOI,,fulltext,,,,Cambridge Journals,http://journals.cambridge.org/jid_JOI,Cambridge Journals,,,,,,,,,,,,,,,,,,,,,,,,,,,,,,,,
Journal of K-Theory,1865-2433,1865-5394,01/01/2008,1,,,,,KAG,,fulltext,,,,Cambridge Journals,http://journals.cambridge.org/action/displayJournal?jid=KAG,Cambridge Journals,,,,,,,,,,,,,,,,,,,,,,,,,,,,,,,,
Journal of Latin American Studies,0022-216X,1469-767X,01/01/1969,1,1,,,,LAS,,fulltext,,,,Cambridge Journals,http://journals.cambridge.org/jid_LAS,Cambridge Journals,,,,,,,,,,,,,,,,,,,,,,,,,,,,,,,,
Journal of Linguistic Geography,2049-7547,,,,,, ,,JLG,,fulltext,New for 2013. Not only content available yet,,,Cambridge Journals,http://journals.cambridge.org/jid_JLG,Cambridge Journals,,,,,,,,,,,,,,,,,,,,,,,,,,,,,,,,
Journal of Linguistics,0022-2267,1469-7742,01/01/1965,1,1,,,,LIN,,fulltext,,,,Cambridge Journals,http://journals.cambridge.org/jid_LIN,Cambridge Journals,,,,,,,,,,,,,N/A,2000035206,N/A,,,,,,,,,,,,,,,,,
Journal of Materials Research,0884-2914,2044-5326,01/01/1986,1,1,,,,JMR,,fulltext,,,,Cambridge Journals,http://journals.cambridge.org/jid_JMR,Cambridge Journals,,,,,,,,,,,,,,,,,,,,,,,,,,,,,,,,
Journal of Mechanics,1727-7191,1811-8216,01/01/1998,14,1,,,,JOM,,fulltext,,,,Cambridge Journals,http://journals.cambridge.org/jid_JOM,Cambridge Journals,,,,,,,,,,,,,,,,,,,,,,,,,,,,,,,,
Journal of Nutritional Science,2048-6790,,01/01/2012,1,,,,,JNS,,fulltext,Open Access,,,Cambridge Journals,http://journals.cambridge.org/jid_JNS,Cambridge Journals,,,,,,,,,,,,,,,,,,,,,,,,,,,,,,,,
Journal of Pacific Rim Psychology,,1834-4909,04/01/2007,1,1,,,,PRP,,fulltext,Formerly South Pacific Journal of Psychology. Formerly published by Australian Academic Press ,,,Cambridge Journals,http://journals.cambridge.org/jid_PRP,Cambridge Journals,,,,,,,,,,,,,,,,,,,,,,,,,,,,,,,,
Journal of Pension Economics and Finance,1474-7472,1475-3022,03/01/2002,1,1,,,,PEF,,fulltext,,,,Cambridge Journals,http://journals.cambridge.org/jid_PEF,Cambridge Journals,,,,,,,,,,,,,,,,,,,,,,,,,,,,,,,,
Journal of Plasma Physics,0022-3778,1469-7807,01/01/1967,1,1,,,,PLA,,fulltext,,,,Cambridge Journals,http://journals.cambridge.org/jid_PLA,Cambridge Journals,,,,,,,,,,,,,,,,,,,,,,,,,,,,,,,,
Journal of Policy History,0898-0306,1528-4190,01/01/1989,1,1,,,,JPH,,fulltext,,,,Cambridge Journals,http://journals.cambridge.org/jid_JPH,Cambridge Journals,,,,,,,,,,,,,,,,,,,,,,,,,,,,,,,,
Journal of Psychiatric Intensive Care,1742-6464,1744-2206,09/01/2005,1,1,,,,JPI,,fulltext,,,,Cambridge Journals,http://journals.cambridge.org/jid_JPI,Cambridge Journals,,,,,,,,,,,,,,,,,,,,,,,,,,,,,,,,
Journal of Public Policy,0143-814X,1469-7815,01/01/1981,1,1,,,,PUP,,fulltext,,,,Cambridge Journals,http://journals.cambridge.org/jid_PUP,Cambridge Journals,,,,,,,,,,,,,,,,,,,,,,,,,,,,,,,,
Journal of Radiotherapy in Practice,1460-3969,1467-1131,04/01/1999,1,1,,,,JRP,,fulltext,,,,Cambridge Journals,http://journals.cambridge.org/jid_JRP,Cambridge Journals,,,,,,,,,,,,,,,,,,,,,,,,,,,,,,,,
Journal of Relationships Research,,1838-0956,11/01/2010,1,1,, ,,JRR,,fulltext,Formerly published by Australian Academic Press ,,,Cambridge Journals,http://journals.cambridge.org/jid_JRR,Cambridge Journals,,,,,,,,,,,,,,,,,,,,,,,,,,,,,,,,
Journal of Smoking Cessation,1834-2612,,10/01/2006,1,1,,,,JSC,,fulltext,Formerly published by Australian Academic Press ,,,Cambridge Journals,http://journals.cambridge.org/jid_JSC,Cambridge Journals,,,,,,,,,,,,,,,,,,,,,,,,,,,,,,,,
Journal of Social Policy,0047-2794,1469-7823,01/01/1972,1,1,,,,JSP,,fulltext,,,,Cambridge Journals,http://journals.cambridge.org/jid_JSP,Cambridge Journals,,,,,,,,,,,,,,,,,,,,,,,,,,,,,,,,
Journal of Southeast Asian History,0217-7811,,01/01/1960,1,1,12/31/1969,10,3,SHE,,fulltext,,,,Cambridge Journals,http://journals.cambridge.org/action/displayJournal?jid=SEH,Cambridge Journals,,,,,,,,,,,,,,,,,,,,,,,,,,,,,,,,
Journal of Southeast Asian Studies,0022-4634,1474-0680,01/01/1970,1,1,,,,SEA,,fulltext,,,,Cambridge Journals,http://journals.cambridge.org/action/displayMoreInfo?jid=SEA,Cambridge Journals,,,,,,,,,,,,,,,,,,,,,,,,,,,,,,,,
Journal of the Australian Mathematical Society,1446-7887,1446-8107,01/01/1959,1,1,,,,JAZ,,fulltext,Free from 1959 vol 1 iss 1 - 2007 vol 83 iss 3,,,Cambridge Journals,http://journals.cambridge.org/action/displayJournal?jid=JAZ,Cambridge Journals,,,,,,,,,,,,,,,,,,,,,,,,,,,,,,,,
Journal of the History of Economic Thought,1053-8372,1469-9656,01/01/1979,1,1,,,,HET,,fulltext,Missing from the archive vol 6,,,Cambridge Journals,http://journals.cambridge.org/action/displayJournal?jid=het,Cambridge Journals,,,,,,,,,,,,,,,,,,,,,,,,,,,,,,,,
Journal of the Institute of Actuaries,0020-2681,,,,,,,,JIA,,fulltext,,,,Cambridge Journals,http://journals.cambridge.org/action/displayJournal?jid=JIA,Cambridge Journals,,,,,,,,,,,,,,,,,,,,,,,,,,,,,,,,
Journal of the Institute of Mathematics of Jussieu,1474-7480,1475-3030,01/01/2002,1,1,,,,JMJ,,fulltext,,,,Cambridge Journals,http://journals.cambridge.org/action/displayJournal?jid=jmj,Cambridge Journals,,,,,,,,,,,,,,,,,,,,,,,,,,,,,,,,
Journal of the International Neuropsychological Society,1355-6177,1469-7661,01/01/1995,1,1,,,,INS,,fulltext,,,,Cambridge Journals,http://journals.cambridge.org/action/displayJournal?jid=INS,Cambridge Journals,,,,,,,,,,,,,,,,,,,,,,,,,,,,,,,,
Journal of the International Phonetic Association,0025-1003,1475-3502,01/01/1971,1,1,,,,IPA,,fulltext,,,,Cambridge Journals,http://journals.cambridge.org/action/displayJournal?jid=IPA,Cambridge Journals,,,,,,,,,,,,,,,,,,,,,,,,,,,,,,,,
Journal of the Marine Biological Association of the United Kingdom,0025-3154,1469-7769,01/01/1987,1,1,,,,MBI,,fulltext,,,,Cambridge Journals,http://journals.cambridge.org/action/displayJournal?jid=mbi,Cambridge Journals,,,,,,,,,,,,,,,,,,,,,,,,,,,,,,,,
Journal of the Royal Asiatic Society,1356-1863,1474-0591,01/01/1834,1,1,,,,JRA,,fulltext,Missing from the archive 1885 vol 17 iss 4,,,Cambridge Journals,http://journals.cambridge.org/action/displayJournal?jid=jra,Cambridge Journals,,,,,,,,,,,,,,,,,,,,,,,,,,,,,,,,
Journal of the Society for American Music,1752-1963,1752-1971,02/01/2007,1,1,,,,SAM,,fulltext,,,,Cambridge Journals,http://journals.cambridge.org/action/displayJournal?jid=SAM,Cambridge Journals,,,,,,,,,,,,,,,,,,,,,,,,,,,,,,,,
Journal of Tropical Ecology,0266-4674,1469-7831,01/01/1985,1,1,,,,TRO,,fulltext,,,,Cambridge Journals,http://journals.cambridge.org/jid_TRO,Cambridge Journals,,,,,,,,,,,,,,,,,,,,,,,,,,,,,,,,
Journal of Tropical Psychology,,1838-9902,03/01/2011,1,,, ,,JTP,,fulltext,,,,Cambridge Journals,http://journals.cambridge.org/jid_JTP,Cambridge Journals,,,,,,,,,,,,,,,,,,,,,,,,,,,,,,,,
Journal of Wine Economics,1931-4361,1931-437X,01/01/2006,1,1,, ,,JWE,,fulltext,,,,Cambridge Journals,http://journals.cambridge.org/jid_JWE,Cambridge Journals,,,,,,,,,,,,,,,,,,,,,,,,,,,,,,,,
Kantian Review,1396-4154,2044-2394,01/01/1997,1,,,,,KRV,,fulltext,,,,Cambridge Journals,http://journals.cambridge.org/jid_KRV,Cambridge Journals,,,,,,,,,,,,,,,,,,,,,,,,,,,,,,,,
Language in Society,0047-4045,1469-8013,01/01/1972,1,1,,,,LSY,,fulltext,,,,Cambridge Journals,http://journals.cambridge.org/jid_LSY,Cambridge Journals,,,,,,,,,,,,,,,,,,,,,,,,,,,,,,,,
Language Teaching,0261-4448,1475-3049,01/01/1968,1,1,,,,LTA,,fulltext,,,,Cambridge Journals,http://journals.cambridge.org/jid_LTA,Cambridge Journals,,,,,,,,,,,,,,,,,,,,,,,,,,,,,,,,
Language Variation and Change,0954-3945,1469-8021,01/01/1989,1,1,,,,LVC,,fulltext,,,,Cambridge Journals,http://journals.cambridge.org/jid_LVC,Cambridge Journals,,,,,,,,,,,,,,,,,,,,,,,,,,,,,,,,
Laser and Particle Beams,0263-0346,1469-803X,01/01/1983,1,1,,,,LPB,,fulltext,,,,Cambridge Journals,http://journals.cambridge.org/jid_LPB,Cambridge Journals,,,,,,,,,,,,,,,,,,,,,,,,,,,,,,,,
Law and History Review,0738-2480,1939-9022,01/01/1983,1,1,,,,LHR,,fulltext,,,,Cambridge Journals,http://journals.cambridge.org/jid_LHR,Cambridge Journals,,,,,,,,,,,,,,,,,,,,,,,,,,,,,,,,
Legal Information Management,1472-6696,1741-2021,01/01/2001,1,1,,,,LIM,,fulltext,,,,Cambridge Journals,http://journals.cambridge.org/jid_LIM,Cambridge Journals,,,,,,,,,,,,,,,,,,,,,,,,,,,,,,,,
Legal Theory,1352-3252,1469-8048,01/01/1995,1,1,,,,LEG,,fulltext,,,,Cambridge Journals,http://journals.cambridge.org/jid_LEG,Cambridge Journals,,,,,,,,,,,,,,,,,,,,,,,,,,,,,,,,
Leiden Journal of International Law,0922-1565,1478-9698,01/01/1988,1,1,,,,LJL,,fulltext,,,,Cambridge Journals,http://journals.cambridge.org/jid_LJL,Cambridge Journals,,,,,,,,,,,,,,,,,,,,,,,,,,,,,,,,
Macroeconomic Dynamics,1365-1005,1469-8056,01/01/1997,1,1,,,,MDY,,fulltext,,,,Cambridge Journals,http://journals.cambridge.org/jid_MDY,Cambridge Journals,,,,,,,,,,,,,,,,,,,,,,,,,,,,,,,,
Marine Biodiversity Records,,1755-2672,01/01/2008,1,1,,,,MBD,,fulltext,,,,Cambridge Journals,http://journals.cambridge.org/jid_MBD,Cambridge Journals,,,,,,,,,,,,,,,,,,,,,,,,,,,,,,,,
Mathematical Modelling of Natural Phenomena,0973-5348,1760-6101,01/01/2006,1,,,,,MNP,,fulltext,,,,Cambridge Journals,http://journals.cambridge.org/jid_MNP,Cambridge Journals,,,,,,,,,,,,,,,,,,,,,,,,,,,,,,,,
Mathematical Proceedings of the Cambridge Philosophical Society,0305-0041,1469-8064,01/01/1924,22,1,,,,PSP,,fulltext,,,,Cambridge Journals,http://journals.cambridge.org/jid_PSP,Cambridge Journals,,,,,,,,,,,,,,,,,,,,,,,,,,,,,,,,
Mathematical Structures in Computer Science,0960-1295,1469-8072,01/01/1991,1,1,,,,MSC,,fulltext,,,,Cambridge Journals,http://journals.cambridge.org/jid_MSC,Cambridge Journals,,,,,,,,,,,,,,,,,,,,,,,,,,,,,,,,
Mathematika,0025-5793,2041-7942,01/01/1954,1,1,,,,MTK,,fulltext,,,,Cambridge Journals,http://journals.cambridge.org/jid_MTK,Cambridge Journals,,,,,,,,,,,,,,,,,,,,,,,,,,,,,,,,
Mechanics & Industry,2257-7777,2257-7750,01/01/2004,5,1,, ,,MIN,,fulltext,,,,Cambridge Journals,http://journals.cambridge.org/jid_MIN,Cambridge Journals,,,,,,,,,,,,,,,,,,,,,,,,,,,,,,,,
Medical History,0025-7273,2048-8343,01/01/1957,1,1,, ,,MDH,,fulltext,Free content from 1957 vol 1 iss 1 to 2011 vol 55 iss 4,,,Cambridge Journals,http://journals.cambridge.org/jid_MDH,Cambridge Journals,,,,,,,,,,,,,,,,,,,,,,,,,,,,,,,,
Microscopy and Microanalysis,1431-9276,1435-8115,01/01/1995,1,1,,,,MAM,,fulltext,,,,Cambridge Journals,http://journals.cambridge.org/jid_MAM,Cambridge Journals,,,,,,,,,,,,,,,,,,,,,,,,,,,,,,,,
Microscopy Today ,1551-9295,2150-3583,,,,,,,,,fulltext,Online version free to everyone. Controlled circulation therefore necessity to reregister each year. ,,,Cambridge Journals,http://microscopy-today.com ,Cambridge Journals,,,,,,,,,,,,,,,,,,,,,,,,,,,,,,,,
Modern Asian Studies,0026-749X,1469-8099,01/01/1967,1,1,,,,ASS,,fulltext,,,,Cambridge Journals,http://journals.cambridge.org/jid_ASS,Cambridge Journals,,,,,,,,,,,,,,,,,,,,,,,,,,,,,,,,
Modern Intellectual History,1479-2443,1479-2451,04/01/2004,1,1,,,,MIH,,fulltext,,,,Cambridge Journals,http://journals.cambridge.org/jid_MIH,Cambridge Journals,,,,,,,,,,,,,,,,,,,,,,,,,,,,,,,,
MRS Bulletin,0883-7694,1938-1425,01/01/2000,25,1,,,,MRS,,fulltext,Missing from the archive vol 1-25 iss 2,,,Cambridge Journals,http://journals.cambridge.org/jid_MRS,Cambridge Journals,,,,,,,,,,,,,,,,,,,,,,,,,,,,,,,,
MRS Communications,2159-6859,2159-6867,11/01/2011,1,1,, ,,MRC,,fulltext,,,,Cambridge Journals,http://journals.cambridge.org/jid_MRC,Cambridge Journals,,,,,,,,,,,,,,,,,,,,,,,,,,,,,,,,
MRS Online Proceedings Library (OPL),,1946-4274,01/01/1980,1,,,,,OPL,,fulltext,,,,Cambridge Journals,http://journals.cambridge.org/OPL,Cambridge Journals,,,,,,,,,,,,,,,,,,,,,,,,,,,,,,,,
Natural Language Engineering,1351-3249,1469-8110,01/01/1995,1,1,,,,NLE,,fulltext,,,,Cambridge Journals,http://journals.cambridge.org/jid_NLE,Cambridge Journals,,,,,,,,,,,,,,,,,,,,,,,,,,,,,,,,
Netherlands International Law Review,0165-070X,1741-6191,01/01/1953,1,1,,,,NLR,,fulltext,,,,Cambridge Journals,http://journals.cambridge.org/jid_NLR,Cambridge Journals,,,,,,,,,,,,,,,,,,,,,,,,,,,,,,,,
Netherlands Yearbook of International Law,0167-6768,1574-0951,01/01/1970,1,,,,,NYL,,fulltext,,,,Cambridge Journals,http://journals.cambridge.org/jid_NYL,Cambridge Journals,,,,,,,,,,,,,,,,,,,,,,,,,,,,,,,,
Network Science,2050-1242,2050-1250,01/01/2013,1,1,, ,,NWS,,fulltext,New journal for 2013,,,Cambridge Journals,http://journals.cambridge.org/jid_NWS,Cambridge Journals,,,,,,,,,,,,,,,,,,,,,,,,,,,,,,,,
Neuron Glia Biology,1740-925X,1741-0533,02/01/2004,1,1,,,,NGB,,fulltext,"From 2012, Neuron Glia Biology will no longer be publishing content in its current form and will temporarily be suspending the submissions and peer review facility",,,Cambridge Journals,http://journals.cambridge.org/jid_NGB,Cambridge Journals,,,,,,,,,,,,,,,,,,,,,,,,,,,,,,,,
New Testament Studies,0028-6885,1469-8145,01/01/1954,1,1,,,,NTS,,fulltext,,,,Cambridge Journals,http://journals.cambridge.org/jid_NTS,Cambridge Journals,,,,,,,,,,,,,,,,,,,,,,,,,,,,,,,,
New Theatre Quarterly,0266-464X,1474-0613,01/01/1985,1,1,,,,NTQ,,fulltext,,,,Cambridge Journals,http://journals.cambridge.org/jid_NTQ,Cambridge Journals,,,,,,,,,,,,,,,,,,,,,,,,,,,,,,,,
Nineteenth-Century Music Review,1479-4098,2044-8414,06/01/2004,1,,,,,NCM,,fulltext,,,,Cambridge Journals,http://journals.cambridge.org/jid_NCM,Cambridge Journals,,,,,,,,,,,,,,,,,,,,,,,,,,,,,,,,
Nordic Journal of Linguistics,0332-5865,1502-4717,01/01/1978,1,1,,,,NJL,,fulltext,,,,Cambridge Journals,http://journals.cambridge.org/jid_NJL,Cambridge Journals,,,,,,,,,,,,,,,,,,,,,,,,,,,,,,,,
Nutrition Research Reviews,0954-4224,1475-2700,01/01/1988,1,1,,,,NRR,,fulltext,Previous 36 months available to current subscribers,,,Cambridge Journals,http://journals.cambridge.org/jid_NRR,Cambridge Journals,,,,,,,,,,,,,,,,,,,,,,,,,,,,,,,,
Organised Sound,1355-7718,1469-8153,04/01/1996,1,1,,,,OSO,,fulltext,,,,Cambridge Journals,http://journals.cambridge.org/jid_OSO,Cambridge Journals,,,,,,,,,,,,,,,,,,,,,,,,,,,,,,,,
Oryx,0030-6053,1365-3008,01/01/1950,1,1,,,,ORX,,fulltext,,,,Cambridge Journals,http://journals.cambridge.org/jid_ORX,Cambridge Journals,,,,,,,,,,,,,,,,,,,,,,,,,,,,,,,,
Palliative & Supportive Care,1478-9515,1478-9523,03/01/2003,1,1,,,,PAX,,fulltext,,,,Cambridge Journals,http://journals.cambridge.org/jid_PAX,Cambridge Journals,,,,,,,,,,,,,,,,,,,,,,,,,,,,,,,,
Papers of the British School at Rome,0068-2462,2045-239X,01/01/1902,1,1,,,,ROM,,fulltext,,,,Cambridge Journals,http://journals.cambridge.org/jid_ROM,Cambridge Journals,,,,,,,,,,,,,,,,,,,,,,,,,,,,,,,,
Parasitology,0031-1820,1469-8161,01/01/1908,1,1,,,,PAR,,fulltext,"Missing from the archive supplements to vol 93, 95 and 97 and vol 55 iss 4",,,Cambridge Journals,http://journals.cambridge.org/jid_PAR,Cambridge Journals,,,,,,,,,,,,,,,,,,,,,,,,,,,,,,,,
Perspectives on Politics,1537-5927,1541-0986,03/01/2003,1,1,,,,PPS,,fulltext,,,,Cambridge Journals,http://journals.cambridge.org/jid_PPS,Cambridge Journals,,,,,,,,,,,,,,,,,,,,,,,,,,,,,,,,
Philosophy,0031-8191,1469-817X,01/01/1926,1,1,,,,PHI,,fulltext,,,,Cambridge Journals,http://journals.cambridge.org/jid_PHI,Cambridge Journals,,,,,,,,,,,,,,,,,,,,,,,,,,,,,,,,
Phonology,0952-6757,1469-8188,01/01/1984,1,1,,,,PHO,,fulltext,,,,Cambridge Journals,http://journals.cambridge.org/jid_PHO,Cambridge Journals,,,,,,,,,,,,,,,,,,,,,,,,,,,,,,,,
Plainsong and Medieval Music,0961-1371,1474-0087,01/01/1992,1,1,,,,PMM,,fulltext,,,,Cambridge Journals,http://journals.cambridge.org/jid_PMM,Cambridge Journals,,,,,,,,,,,,,,,,,,,,,,,,,,,,,,,,
Plant Genetic Resources,1479-2621,1479-263X,04/01/2003,1,1,,,,PGR,,fulltext,,,,Cambridge Journals,http://journals.cambridge.org/jid_PGR,Cambridge Journals,,,,,,,,,,,,,,,,,,,,,,,,,,,,,,,,
Polar Record,0032-2474,1475-3057,01/01/1931,1,1,,,,POL,,fulltext,,,,Cambridge Journals,http://journals.cambridge.org/jid_POL,Cambridge Journals,,,,,,,,,,,,,,,,,,,,,,,,,,,,,,,,
Political Science Research and Methods,2049-8470,2049-8489,01/01/2013,1,,, ,,RAM,,fulltext,Coverage dates range with agreement: previous 4 years free - however new start up. Not content available yet,,,Cambridge Journals,http://journals.cambridge.org/jid_RAM,Cambridge Journals,,,,,,,,,,,,,,,,,,,,,,,,,,,,,,,,
Politics & Gender,1743-923X,1743-9248,03/01/2005,1,1,,,,PAG,,fulltext,,,,Cambridge Journals,http://journals.cambridge.org/jid_PAG,Cambridge Journals,,,,,,,,,,,,,,,,,,,,,,,,,,,,,,,,
Politics and Religion,1755-0483,1755-0491,04/01/2008,1,1,,,,RAP,,fulltext,,,,Cambridge Journals,http://journals.cambridge.org/jid_RAP,Cambridge Journals,,,,,,,,,,,,,,,,,,,,,,,,,,,,,,,,
Popular Music,0261-1430,1474-0095,01/01/1981,1,1,,,,PMU,,fulltext,,,,Cambridge Journals,http://journals.cambridge.org/jid_PMU,Cambridge Journals,,,,,,,,,,,,,,,,,,,,,,,,,,,,,,,,
Powder Diffraction,0885-7156,1945-7413,10/01/1986,1,1,, ,,PDJ,,fulltext,,,,Cambridge Journals,http://journals.cambridge.org/jid_PDJ,Cambridge Journals,,,,,,,,,,,,,,,,,,,,,,,,,,,,,,,,
Prehospital and Disaster Medicine,1049-023X,1945-1938,01/01/1985,1,1,,,,PDM,,fulltext,"Missing from the archives vol 1 iss 4, vol 1 iss 2/3, vol 23 iss 3 and various supplements to vols 18, 19, 23 and 25",,,Cambridge Journals,http://journals.cambridge.org/jid_PDM,Cambridge Journals,,,,,,,,,,,,,,,,,,,,,,,,,,,,,,,,
Primary Health Care Research & Development,1463-4236,1477-1128,01/01/2000,1,1,,,,PHC,,fulltext,,,,Cambridge Journals,http://journals.cambridge.org/jid_PHC,Cambridge Journals,,,,,,,,,,,,,,,,,,,,,,,,,,,,,,,,
Probability in the Engineering and Informational Sciences,0269-9648,1469-8951,01/01/1987,1,1,,,,PES,,fulltext,,,,Cambridge Journals,http://journals.cambridge.org/jid_PES,Cambridge Journals,,,,,,,,,,,,,,,,,,,,,,,,,,,,,,,,
Proceedings of the Cambridge Philological Society (New Series),0068-6735,,01/01/1952,1,,12/31/2004,50,,,,fulltext,Currently Cambridge Classical Journal,,,Cambridge Journals,http://journals.cambridge.org/action/displayJournal?jid=CCJ,Cambridge Journals,,,,,,,,,,,,,,,,,,,,,,,,,,,,,,,,
Proceedings of the Edinburgh Mathematical Society,0013-0915,1464-3839,01/01/1883,1,,,,,PEM,,fulltext, Free from 1883 vol 1 to 2003 vol 46 series 2 iss 1,,,Cambridge Journals,http://journals.cambridge.org/jid_PEM,Cambridge Journals,,,,,,,,,,,,,,,,,,,,,,,,,,,,,,,,
Proceedings of the International Astronomical Union,1743-9213,1743-9221,03/01/2004,2004,IAUC195,,,,IAU,,fulltext,,,,Cambridge Journals,http://journals.cambridge.org/jid_IAU,Cambridge Journals,,,,,,,,,,,,,,,,,,,,,,,,,,,,,,,,
Proceedings of the Nutrition Society,0029-6651,1475-2719,01/01/1944,1,01-Feb,,,,PNS,,fulltext,Missing from the archive vols 6-11. Free from 1944 vol 1 iss 1-2 to 2011 vol 70 iss 4,,,Cambridge Journals,http://journals.cambridge.org/jid_PNS,Cambridge Journals,,,,,,,,,,,,,,,,,,,,,,,,,,,,,,,,
Proceedings of the Prehistoric Society,0079-497X,2050-2729,01/01/1941,61,1,, ,,PPR,,fulltext,New for 2013.  Previously self published. Previous content will be digitised and added throughout 2013.,,,Cambridge Journals,http://journals.cambridge.org/jid_PPR,Cambridge Journals,,,,,,,,,,,,,,,,,,,,,,,,,,,,,,,,
Proceedings of the Royal Society of Edinburgh  Section: A Mathematics,0308-2105,1473-7124,02/01/2000,130,1,,,,PRM,,fulltext,,,,Cambridge Journals,http://journals.cambridge.org/jid_PRM,Cambridge Journals,,,,,,,,,,,,,,,,,,,,,,,,,,,,,,,,
PS: Political Science & Politics,1049-0965,1537-5935,03/01/2001,34,1,,,,PSC,,fulltext,,,,Cambridge Journals,http://journals.cambridge.org/jid_PSC,Cambridge Journals,,,,,,,,,,,,,,,,,,,,,,,,,,,,,,,,
Psychological Medicine,0033-2917,1469-8978,01/01/1970,1,1,,,,PSM,,fulltext,,,,Cambridge Journals,http://journals.cambridge.org/jid_PSM,Cambridge Journals,,,,,,,,,,,,,,,,,,,,,,,,,,,,,,,,
Public Health Nutrition,1368-9800,1475-2727,01/01/1998,1,1,,,,PHN,,fulltext,Free content from 1998 vol 1 iss 1 - 2011 vol 14 iss 12A,,,Cambridge Journals,http://journals.cambridge.org/jid_PHN,Cambridge Journals,,,,,,,,,,,,,,,,,,,,,,,,,,,,,,,,
Publications of the Astronomical Society of Australia,1323-3580,1448-6083,01/01/1997,14,1,,,,PAS,,fulltext,Free from 1997 vol 14 iss 1 to 2009 vol 26 iss 4,,,Cambridge Journals,http://journals.cambridge.org/jid_PAS,Cambridge Journals,,,,,,,,,,,,,,,,,,,,,,,,,,,,,,,,
Quarterly Reviews of Biophysics,0033-5835,1469-8994,05/01/1968,1,1,,,,QRB,,fulltext,,,,Cambridge Journals,http://journals.cambridge.org/jid_QRB,Cambridge Journals,,,,,,,,,,,,,,,,,,,,,,,,,,,,,,,,
Queensland Review,1321-8166,2049-7792,01/01/2011,18,1,,,,QRE,,fulltext,Formerly published by Australian Academic Press,,,Cambridge Journals,http://journals.cambridge.org/jid_QRE,Cambridge Journals,,,,,,,,,,,,,,,,,,,,,,,,,,,,,,,,
Radioprotection,0033-8451,1769-700X,01/01/1990,25,1,, ,,RAD,,fulltext,Free content from 1990 vol 25 iss 1 to 2009 vol 44 iss 4,,,Cambridge Journals,http://journals.cambridge.org/jid_RAD,Cambridge Journals,,,,,,,,,,,,,,,,,,,,,,,,,,,,,,,,
RAIRO - Operations Research,0399-0559,1290-3868,01/01/1999,33,1,,,,ROE,,fulltext,,,,Cambridge Journals,http://journals.cambridge.org/jid_ROE,Cambridge Journals,,,,,,,,,,,,,,,,,,,,,,,,,,,,,,,,
RAIRO - Theoretical Informatics and Applications,0988-3754,1290-385X,01/01/1999,33,1,,,,ITA,,fulltext,,,,Cambridge Journals,http://journals.cambridge.org/jid_ITA,Cambridge Journals,,,,,,,,,,,,,,,,,,,,,,,,,,,,,,,,
ReCALL,0958-3440,1474-0109,01/01/1989,1,1,,,,REC,,fulltext,,,,Cambridge Journals,http://journals.cambridge.org/jid_REC,Cambridge Journals,,,,,,,,,,,,,,,,,,,,,,,,,,,,,,,,
Religious Studies,0034-4125,1469-901X,01/01/1965,1,1,,,,RES,,fulltext,,,,Cambridge Journals,http://journals.cambridge.org/jid_RES,Cambridge Journals,,,,,,,,,,,,,,,,,,,,,,,,,,,,,,,,
Renewable Agriculture and Food Systems,1742-1705,1742-1713,03/01/2004,19,1,,,,RAF,,fulltext,,,,Cambridge Journals,http://journals.cambridge.org/jid_RAF,Cambridge Journals,,,,,,,,,,,,,,,,,,,,,,,,,,,,,,,,
Review of International Studies,0260-2105,1469-9044,01/01/1975,1,1,,,,RIS,,fulltext,,,,Cambridge Journals,http://journals.cambridge.org/jid_RIS,Cambridge Journals,,,,,,,,,,,,,,,,,,,,,,,,,,,,,,,,
Reviews in Clinical Gerontology,0959-2598,1469-9036,01/01/1991,1,1,,,,RCG,,fulltext,,,,Cambridge Journals,http://journals.cambridge.org/jid_RCG,Cambridge Journals,,,,,,,,,,,,,,,,,,,,,,,,,,,,,,,,
Revista de Historia Economica,0212-6109,2041-3335,01/01/1983,1,1,,,,RHE,,fulltext,,,,Cambridge Journals,http://journals.cambridge.org/jid_RHE,Cambridge Journals,,,,,,,,,,,,,,,,,,,,,,,,,,,,,,,,
Robotica,0263-5747,1469-8668,01/01/1983,1,1,,,,ROB,,fulltext,,,,Cambridge Journals,http://journals.cambridge.org/jid_ROB,Cambridge Journals,,,,,,,,,,,,,,,,,,,,,,,,,,,,,,,,
Rural History,0956-7933,1474-0656,01/01/1990,1,1,,,,RUH,,fulltext,,,,Cambridge Journals,http://journals.cambridge.org/jid_RUH,Cambridge Journals,,,,,,,,,,,,,,,,,,,,,,,,,,,,,,,,
Science in Context,0269-8897,1474-0664,01/01/1987,1,1,,,,SIC,,fulltext,,,,Cambridge Journals,http://journals.cambridge.org/jid_SIC,Cambridge Journals,,,,,,,,,,,,,,,,,,,,,,,,,,,,,,,,
Scottish Journal of Theology,0036-9306,1475-3065,01/01/1940,1,1,,,,SJT,,fulltext,,,,Cambridge Journals,http://journals.cambridge.org/jid_SJT,Cambridge Journals,,,,,,,,,,,,,,,,,,,,,,,,,,,,,,,,
Seed Science Research,0960-2585,1475-2735,01/01/1991,1,1,,,,SSR,,fulltext,,,,Cambridge Journals,http://journals.cambridge.org/jid_SSR,Cambridge Journals,,,,,,,,,,,,,,,,,,,,,,,,,,,,,,,,
Social Philosophy and Policy,0265-0525,1471-6437,01/01/1983,1,1,,,,SOY,,fulltext,,,,Cambridge Journals,http://journals.cambridge.org/jid_SOY,Cambridge Journals,,,,,,,,,,,,,,,,,,,,,,,,,,,,,,,,
Social Policy and Society,1474-7464,1475-3073,01/01/2002,1,1,,,,SPS,,fulltext,,,,Cambridge Journals,http://journals.cambridge.org/jid_SPS,Cambridge Journals,,,,,,,,,,,,,,,,,,,,,,,,,,,,,,,,
Speculum,0038-7134,2040-8072,01/01/1926,1,1,,,,SPC,,fulltext,,,,Cambridge Journals,http://journals.cambridge.org/jid_SPC,Cambridge Journals,,,,,,,,,,,,,,,,,,,,,,,,,,,,,,,,
Studies in American Political Development,0898-588X,1469-8692,01/01/1986,1,,,,,SAP,,fulltext,,,,Cambridge Journals,http://journals.cambridge.org/jid_SAP,Cambridge Journals,,,,,,,,,,,,,,,,,,,,,,,,,,,,,,,,
Studies in Second Language Acquisition,0272-2631,1470-1545,01/01/1978,1,1,,,,SLA,,fulltext,,,,Cambridge Journals,http://journals.cambridge.org/jid_SLA,Cambridge Journals,,,,,,,,,,,,,,,,,,,,,,,,,,,,,,,,
Tempo,0040-2982,1478-2286,01/01/1939,,1,,,,TEM,,fulltext,,,,Cambridge Journals,http://journals.cambridge.org/jid_TEM,Cambridge Journals,,,,,,,,,,,,,,,,,,,,,,,,,,,,,,,,
The Antiquaries Journal,0003-5815,1758-5309,01/01/1921,1,1,,,,ANT,,fulltext,,,,Cambridge Journals,http://journals.cambridge.org/jid_ANT,Cambridge Journals,,,,,,,,,,,,,,,,,,,,,,,,,,,,,,,,
The ANZIAM Journal,1446-1811,1446-8735,01/01/1975,19,1,,,,ANZ,,fulltext,,,,Cambridge Journals,http://journals.cambridge.org/jid_ANZ,Cambridge Journals,,,,,,,,,,,,,,,,,,,,,,,,,,,,,,,,
The British Journal for the History of Science,0007-0874,1474-001X,01/01/1962,1,1,,,,BJH,,fulltext,,,,Cambridge Journals,http://journals.cambridge.org/jid_BJH,Cambridge Journals,,,,,,,,,,,,,,,,,,,,,,,,,,,,,,,,
The Cambridge Law Journal,0008-1973,1469-2139,01/01/1921,1,1,,,,CLJ,,fulltext,,,,Cambridge Journals,http://journals.cambridge.org/jid_CLJ,Cambridge Journals,,,,,,,,,,,,,,,,,,,,,,,,,,,,,,,,
The China Quarterly,0305-7410,1468-2648,01/01/1960,1,,,,,CQY,,fulltext,,,,Cambridge Journals,http://journals.cambridge.org/jid_CQY,Cambridge Journals,,,,,,,,,,,,,,,,,,,,,,,,,,,,,,,,
The Classical Quarterly,0009-8388,1471-6844,01/01/1907,1,1,,,,CAQ,,fulltext,,,,Cambridge Journals,http://journals.cambridge.org/jid_CAQ,Cambridge Journals,,,,,,,,,,,,,,,,,,,,,,,,,,,,,,,,
The Classical Review,0009-840X,1464-3561,01/01/1887,1,1,,,,CAR,,fulltext,,,,Cambridge Journals,http://journals.cambridge.org/jid_CAR,Cambridge Journals,,,,,,,,,,,,,,,,,,,,,,,,,,,,,,,,
The Cognitive Behaviour Therapist,,1754-470X,04/01/2008,1,1,,,,CBT,,fulltext,,,,Cambridge Journals,http://journals.cambridge.org/jid_CBT,Cambridge Journals,,,,,,,,,,,,,,,,,,,,,,,,,,,,,,,,
The European Physical Journal - Applied Physics,1286-0042,1286-0050,01/01/1998,1,,,,,JAP,,fulltext,,,,Cambridge Journals,http://journals.cambridge.org/JAP,Cambridge Journals,,,,,,,,,,,,,,,,,,,,,,,,,,,,,,,,
The Historical Journal,0018-246X,1469-5103,01/01/1958,1,1,,,,HIS,,fulltext,,,,Cambridge Journals,http://journals.cambridge.org/HIS,Cambridge Journals,,,,,,,,,,,,,,,,,,,,,,,,,,,,,,,,
The Journal of African History,0021-8537,1469-5138,01/01/1960,1,1,,,,AFH,,fulltext,,,,Cambridge Journals,http://journals.cambridge.org/AFH,Cambridge Journals,,,,,,,,,,,,,,,,,,,,,,,,,,,,,,,,
The Journal of Agricultural Science,0021-8596,1469-5146,01/01/1905,1,1,,,,AGS,,fulltext,,,,Cambridge Journals,http://journals.cambridge.org/jid_AGS,Cambridge Journals,,,,,,,,,,,,,,,,,,,,,,,,,,,,,,,,
The Journal of Asian Studies,0021-9118,1752-0401,11/01/1941,1,1,,,,JAS,,fulltext,,,,Cambridge Journals,http://journals.cambridge.org/jid_JAS,Cambridge Journals,,,,,,,,,,,,,,,,,,,,,,,,,,,,,,,,
The Journal of Ecclesiastical History,0022-0469,1469-7637,01/01/1950,1,1,,,,ECH,,fulltext,Missing from the archive vol 47 iss 3,,,Cambridge Journals,http://journals.cambridge.org/jid_ECH,Cambridge Journals,,,,,,,,,,,,,,,,,,,,,,,,,,,,,,,,
The Journal of Economic History,0022-0507,1471-6372,01/01/1941,1,1,,,,JEH,,fulltext,,,,Cambridge Journals,http://journals.cambridge.org/jid_JEH,Cambridge Journals,,,,,,,,,,,,,,,,,,,,,,,,,,,,,,,,
The Journal of Hellenic Studies,0075-4269,2041-4099,01/01/1995,115,,,,,JHS,,fulltext,,,,Cambridge Journals,http://journals.cambridge.org/jid_JHS,Cambridge Journals,,,,,,,,,,,,,,,,,,,,,,,,,,,,,,,,
The Journal of Laryngology & Otology,0022-2151,1748-5460,01/01/1921,36,1,,,,JLO,,fulltext,"Formerly The Journal of Laryngology and Rhinology (1887-1891); The Journal of Laryngology, Rhinology, and Otology (1892-1920). Includes 2 supplements",,,Cambridge Journals,http://journals.cambridge.org/jid_JLO,Cambridge Journals,,,,,,,,,,,,,,,,,,,,,,,,,,,,,,,,
The Journal of Laryngology and Rhinology,1755-1455,2051-2090,01/01/1887,1,1,31/12/1891,5,12,,,fulltext,Currently The Journal of Laryngology & Otology,,,Cambridge Journals,http://journals.cambridge.org/action/displayJournal?jid=jlo,Cambridge Journals,,,,,,,,,,,,,,,,,,,,,,,,,,,,,,,,
The Journal of Laryngology  Rhinology  and Otology,1755-1463,2051-2082,01/01/1892,6,1,12/31/1920,35,12,,,fulltext,Currently The Journal of Laryngology & Otology,,,Cambridge Journals,http://journals.cambridge.org/action/displayJournal?jid=jlo,Cambridge Journals,,,,,,,,,,,,,,,,,,,,,,,,,,,,,,,,
The Journal of Modern African Studies,0022-278X,1469-7777,01/01/1963,1,1,,,,MOA,,fulltext,,,,Cambridge Journals,http://journals.cambridge.org/jid_MOA,Cambridge Journals,,,,,,,,,,,,,,,,,,,,,,,,,,,,,,,,
The Journal of Navigation,0373-4633,1469-7785,01/01/1948,1,1,,,,NAV,,fulltext,,,,Cambridge Journals,http://journals.cambridge.org/jid_NAV,Cambridge Journals,,,,,,,,,,,,,,,,,,,,,,,,,,,,,,,,
The Journal of Politics,0022-3816,1468-2508,01/01/1939,1,1,,,,JOP,,fulltext,,,,Cambridge Journals,http://journals.cambridge.org/jid_JOP,Cambridge Journals,,,,,,,,,,,,,,,,,,,,,,,,,,,,,,,,
The Journal of Roman Studies,0075-4358,1753-528X,01/01/1911,1,,,,,JRS,,fulltext,,,,Cambridge Journals,http://journals.cambridge.org/jid_JRS,Cambridge Journals,,,,,,,,,,,,,,,,,,,,,,,,,,,,,,,,
The Journal of the Gilded Age and Progressive Era,1537-7814,1943-3557,01/01/2002,1,1,,,,JGA,,fulltext,,,,Cambridge Journals,http://journals.cambridge.org/jid_JGA,Cambridge Journals,,,,,,,,,,,,,,,,,,,,,,,,,,,,,,,,
The Knowledge Engineering Review,0269-8889,1469-8005,01/01/1984,1,1,,,,KER,,fulltext,,,,Cambridge Journals,http://journals.cambridge.org/jid_KER,Cambridge Journals,,,,,,,,,,,,,,,,,,,,,,,,,,,,,,,,
The Lichenologist,0024-2829,1096-1135,01/01/1958,1,1,,,,LIC,,fulltext,,,,Cambridge Journals,http://journals.cambridge.org/jid_LIC,Cambridge Journals,,,,,,,,,,,,,,,,,,,,,,,,,,,,,,,,
The Review of Politics,0034-6705,1748-6858,01/01/1939,1,1,,,,ROP,,fulltext,Missing from the archive vol 58 iss 1 and vol 61 iss 2,,,Cambridge Journals,http://journals.cambridge.org/jid_ROP,Cambridge Journals,,,,,,,,,,,,,,,,,,,,,,,,,,,,,,,,
The Review of Symbolic Logic,1755-0203,1755-0211,06/01/2008,1,1,,,,RSL,,fulltext,,,,Cambridge Journals,http://journals.cambridge.org/jid_RSL,Cambridge Journals,,,,,,,,,,,,,,,,,,,,,,,,,,,,,,,,
The Spanish Journal of Psychology,1138-7416,1988-2904,01/01/2009,12,1,, ,,SJP,,fulltext,New for 2013. Previously self published out of Universidad Complutense de Madrid (UCM),,,Cambridge Journals,http://journals.cambridge.org/jid_SJP,Cambridge Journals,,,,,,,,,,,,,,,,,,,,,,,,,,,,,,,,
Theatre Research International,0307-8833,1474-0672,01/01/1975,1,1,,,,TRI,,fulltext,,,,Cambridge Journals,http://journals.cambridge.org/jid_TRI,Cambridge Journals,,,,,,,,,,,,,,,,,,,,,,,,,,,,,,,,
Theatre Survey,0040-5574,1475-4533,01/01/1960,1,1,,,,TSY,,fulltext,,,,Cambridge Journals,http://journals.cambridge.org/jid_TSY,Cambridge Journals,,,,,,,,,,,,,,,,,,,,,,,,,,,,,,,,
Theory and Practice of Logic Programming,1471-0684,1475-3081,01/01/2001,1,1,,,,TLP,,fulltext,,,,Cambridge Journals,http://journals.cambridge.org/jid_TLP,Cambridge Journals,,,,,,,,,,,,,,,,,,,,,,,,,,,,,,,,
Think ,1477-1756,1755-1196,01/01/2002,1,1,,,,THI,,fulltext,,,,Cambridge Journals,http://journals.cambridge.org/jid_THI,Cambridge Journals,,,,,,,,,,,,,,,,,,,,,,,,,,,,,,,,
TRaNS: Trans-Regional and -National Studies of Southeast Asia,2051-364X,2051-3658,01/01/2013,1,1,,,,TRN,,fulltext,New journal for 2013,,,Cambridge Journals,http://journals.cambridge.org/jid_TRN,Cambridge Journals,,,,,,,,,,,,,,,,,,,,,,,,,,,,,,,,
Transactions of the Royal Historical Society,0080-4401,1474-0648,01/01/1872,1,,,,,RHT,,fulltext,,,,Cambridge Journals,http://journals.cambridge.org/jid_RHT,Cambridge Journals,,,,,,,,,,,,,,,,,,,,,,,,,,,,,,,,
Transactions of the Royal Society of Edinburgh,0080-4568,,01/01/1788,1,1,12/31/1979,70,13-14,,,fulltext,,,,Cambridge Journals,http://journals.cambridge.org/action/displayJournal?jid=tre,Cambridge Journals,,,,,,,,,,,,,,,,,,,,,,,,,,,,,,,,
Transactions of the Royal Society of Edinburgh: Earth Sciences ,0263-5933,,01/01/1980,71,1,12/31/2006,97,4,,,fulltext,Currently Earth and Environmental Science Transactions of the Royal Society of Edinburgh,,,Cambridge Journals,http://journals.cambridge.org/action/displayJournal?jid=tre,Cambridge Journals,,,,,,,,,,,,,,,,,,,,,,,,,,,,,,,,
Transnational Environmental Law,2047-1025,2047-1033,04/01/2012,1,1,, ,,TEL,,fulltext,,,,Cambridge Journals,http://journals.cambridge.org/jid_TEL,Cambridge Journals,,,,,,,,,,,,,,,,,,,,,,,,,,,,,,,,
twentieth-century music,1478-5722,1478-5730,03/01/2004,1,1,,,,TCM,,fulltext,Free content from 1998 vol 1 iss 1 - 2011 vol 14 iss 6,,,Cambridge Journals,http://journals.cambridge.org/jid_TCM,Cambridge Journals,,,,,,,,,,,,,,,,,,,,,,,,,,,,,,,,
Twin Research and Human Genetics,1832-4274,1839-2628,01/01/1998,1,1,, ,,THG,,fulltext,Formerly published by Australian Academic Press,,,Cambridge Journals,http://journals.cambridge.org/jid_THG,Cambridge Journals,,,,,,,,,,,,,,,,,,,,,,,,,,,,,,,,
Urban History,0963-9268,1469-8706,01/01/1974,1,,,,,UHY,,fulltext,,,,Cambridge Journals,http://journals.cambridge.org/jid_UHY,Cambridge Journals,,,,,,,,,,,,,,,,,,,,,,,,,,,,,,,,
Utilitas,0953-8208,1741-6183,01/01/1989,1,1,,,,UTI,,fulltext,,,,Cambridge Journals,http://journals.cambridge.org/jid_UTI,Cambridge Journals,,,,,,,,,,,,,,,,,,,,,,,,,,,,,,,,
Victorian Literature and Culture,1060-1503,1470-1553,03/01/1997,25,1,,,,VLC,,fulltext,Formerly Browning Institute Studies,,,Cambridge Journals,http://journals.cambridge.org/jid_VLC,Cambridge Journals,,,,,,,,,,,,,,,,,,,,,,,,,,,,,,,,
Visual Neuroscience,0952-5238,1469-8714,01/01/1988,1,1,,,,VNS,,fulltext,,,,Cambridge Journals,http://journals.cambridge.org/jid_VNS,Cambridge Journals,,,,,,,,,,,,,,,,,,,,,,,,,,,,,,,,
World Politics,0043-8871,1086-3338,10/01/1948,1,1,,,,WPO,,fulltext,,,,Cambridge Journals,http://journals.cambridge.org/jid_WPO,Cambridge Journals,,,,,,,,,,,,,,,,,,,,,,,,,,,,,,,,
World Trade Review,1474-7456,1475-3138,03/01/2002,1,1,,,,WTR,,fulltext,,,,Cambridge Journals,http://journals.cambridge.org/jid_WTR,Cambridge Journals,,,,,,,,,,,,,,,,,,,,,,,,,,,,,,,,
World's Poultry Science Journal,0043-9339,1743-4777,01/01/1945,1,1,,,,WPS,,fulltext,,,,Cambridge Journals,http://journals.cambridge.org/jid_WPS,Cambridge Journals,,,,,,,,,,,,,,,,,,,,,,,,,,,,,,,,
Yearbook of International Humanitarian Law,1389-1359,1574-096X,01/01/1998,1,,,,,YHL,,fulltext,,,,Cambridge Journals,http://journals.cambridge.org/jid_YHL,Cambridge Journals,,,,,,,,,,,,,,,,,,,,,,,,,,,,,,,,
Zygote,0967-1994,1469-8730,02/01/1993,1,1,,,,ZYG,,fulltext,,,,Cambridge Journals,http://journals.cambridge.org/jid_ZYG,Cambridge Journals,,,,,,,,,,,,,,,,,,,,,,,,,,,,,,,,
International Review of the Red Cross - English Version,0020-8604,,01/01/1961,1,1,12/31/1998,38,325,RCE,,fulltext,"English translation of selected articles from Revue Internationale de la Croix-Rouge ISSN 0035-3361 published between 1961 - 1997, vols 1 ? 37 ceased publication in 1998.",,,Cambridge Journals,http://journals.cambridge.org/action/displayJournal?jid=RCE,Cambridge Journals,,,,,,,,,,,,,,,,,,,,,,,,,,,,,,,,
International Review of the Red Cross - Spanish Version - Revista Internacional de la Cruz Roja,0250-569X,,01/01/1976,1,1,12/31/1998,24,150,RCS,,fulltext,"Spanish translation of selected articles from Revue Internationale de la Croix-Rouge ISSN 0035-3361 published between 1976 - 1998, vols 1 ? 23 ceased publication in 1998.",,,Cambridge Journals,http://journals.cambridge.org/action/displayJournal?jid=RCS,Cambridge Journals,,,,,,,,,,,,,,,,,,,,,,,,,,,,,,,,
Bulletin International des Societe de secours aux Militaires Blesses ,2023-5925,,01/01/1869,1,1,31/12/1885,16,,,,fulltext,Succeeded by: Bulletin International des Societe de la Croix-Rouge ,,,Cambridge Journals,http://journals.cambridge.org/action/displayJournal?jid=BRC,Cambridge Journals,,,,,,,,,,,,,,,,,,,,,,,,,,,,,,,,
International Law Reports ,0309-0671,,,,,,,,,,fulltext,,,,Cambridge Journals,http://www.cambridge.org/gb/knowledge/series/series_display/item3937470/?site_locale=en_GB,Cambridge Journals,,,,,,,,,,,,,,,,,,,,,,,,,,,,,,,,
Shakespeare survey,1894-1976,,,,,,,,,,fulltext,,,,Cambridge Journals,http://www.cambridge.org/uk/literature/shakespearesurvey/,Cambridge Journals,,,,,,,,,,,,,,,,,,,,,,,,,,,,,,,,
Bulletin of the British Society for the History of Science,0950-5636,,01/01/1949,1,1,12/31/1961,2,20,BBH,,fulltext,,,,Cambridge Journals,http://journals.cambridge.org/action/displayJournal?jid=BBH,Cambridge Journals,,,,,,,,,,,,,,,,,,,,,,,,,,,,,,,,
